D1,D2,D3,Eta_arrivo_Italia,D7,D8,D9,D9b,D10,D11,D12,D20a,D23,D25,D26,D27a,D27b,D29,D32,D35a,D35b,D35c,D35d,D35e,D35f,D35g,D36
2,1972,1,25,201,2,4,1,5,2,1,2,2,4,3500,500,500,40,1400,1,2,1,1,2,2,2,1
2,1972,1,21,201,2,5,1,5,2,1,3,1,5,3000,0,0,25,900,1,2,1,1,1,2,2,1
1,1973,1,34,419,2,3,4,4,4,4,2,1,4,1500,0,0,45,1300,1,2,2,2,2,2,2,2
2,1977,1,28,605,2,3,3,4,2,3,3,2,5,3000,0,0,20,650,1,1,1,1,2,2,2,1
1,1978,1,29,235,1,3,3,5,6,2,0,98,1,1600,0,0,60,1600,1,1,1,2,1,2,2,1
2,1991,2,,436,1,5,,5,1,1,0,98,3,1100,0,0,15,300,1,1,1,1,1,1,2,1
1,1991,1,10,344,1,3,1,5,1,3,1,1,6,2500,0,0,40,1300,1,1,1,2,1,1,2,2
1,1959,1,31,344,2,6,3,3,1,1,3,1,5,1200,0,0,30,1200,1,1,1,1,1,2,2,2
1,1989,1,9,330,1,5,,5,1,1,0,98,4,2000,0,0,10,400,1,1,1,1,2,2,2,2
2,1973,1,41,233,2,2,3,3,2,2,2,1,1,900,400,400,65,900,2,2,2,2,2,2,2,2
2,1970,1,33,608,2,3,1,4,6,4,3,2,5,3200,300,300,20,450,2,2,2,2,2,2,2,2
1,1969,1,38,360,2,3,3,4,6,4,2,3,4,2300,0,0,53,1900,2,2,2,2,2,2,2,2
1,1977,1,31,344,2,3,3,4,9,4,2,1,4,1700,0,0,48,1500,2,2,2,2,2,2,2,2
2,1968,1,35,235,2,3,1,5,6,2,1,1,3,3700,500,500,48,1700,1,2,2,2,2,2,2,1
2,1968,1,39,243,4,5,2,5,3,3,1,98,1,1600,0,0,40,1600,1,2,1,2,2,2,2,1
2,1977,1,25,244,1,6,2,5,11,1,1,2,3,2000,0,0,20,500,1,1,1,1,1,2,2,1
2,1996,1,6,436,1,5,,5,1,3,0,98,4,1000,0,0,16,350,1,1,1,2,1,2,2,1
2,1975,1,26,436,3,3,3,3,1,3,3,98,3,4000,0,0,20,700,1,1,1,2,1,2,2,1
1,1979,1,31,419,2,5,3,4,4,4,2,1,2,2000,250,500,32,1000,1,2,1,1,2,2,2,1
2,1997,2,,460,1,5,,5,1,1,0,98,4,1800,0,200,12,250,1,1,1,2,2,2,2,1
2,1988,1,14,458,2,6,,5,2,3,2,3,4,1500,100,200,25,500,1,1,1,1,2,2,2,1
1,1987,1,22,605,2,5,3,5,2,3,1,2,3,2000,0,0,32,1000,1,1,1,1,1,1,2,1
2,1976,1,24,436,4,3,4,4,1,3,1,98,5,1400,0,0,25,700,1,1,1,1,1,2,2,1
1,1991,1,10,436,1,3,,4,1,3,0,98,1,1000,300,300,32,1000,1,1,1,1,2,2,2,1
1,1985,1,27,450,1,3,3,2,1,4,0,98,5,1200,0,0,12,150,1,2,1,1,2,2,2,1
2,1977,1,22,604,2,3,1,5,2,1,2,2,4,1900,100,100,20,400,1,1,1,1,1,1,2,1
1,1994,1,2,436,1,4,,4,1,4,0,1,4,1500,0,0,33,700,2,1,1,2,2,2,2,2
1,1988,1,12,436,1,5,,5,1,3,0,98,6,1800,0,0,20,600,1,1,1,2,1,2,2,2
2,1988,1,13,436,1,5,,5,1,3,0,98,5,2500,500,500,30,1000,1,2,1,1,2,2,2,2
2,1990,1,20,404,1,6,1,5,1,4,0,98,3,1400,0,600,20,400,1,2,1,2,2,2,2,2
2,1975,1,29,605,2,2,4,4,1,3,2,1,1,1250,450,450,38,1250,1,2,1,1,2,2,2,2
2,1996,2,,604,1,,1,5,2,1,0,98,4,2500,0,200,15,650,1,2,2,2,2,2,2,2
1,1954,1,34,436,2,3,2,4,1,1,4,1,6,3500,0,0,40,1400,1,2,1,1,2,2,2,2
1,1964,1,32,305,2,3,1,4,1,1,4,1,6,3500,500,500,40,1800,1,2,2,2,2,2,2,2
1,1996,1,8,305,1,5,,5,1,3,0,98,6,3500,0,500,25,1000,1,1,2,2,2,2,2,2
1,1985,1,13,436,1,6,,5,1,1,0,3,6,3500,0,0,20,1200,1,2,1,2,2,2,2,2
1,1989,2,,436,2,6,,5,1,1,0,2,5,3000,0,0,35,1300,1,1,1,2,2,2,2,2
1,1990,1,15,436,1,3,2,5,1,3,0,98,6,1100,0,0,30,1100,1,1,1,1,2,2,2,2
1,1987,1,20,436,1,3,2,4,1,4,0,98,1,1300,700,700,35,1300,1,1,1,2,2,2,2,2
2,1987,2,,450,1,4,,5,6,3,0,98,5,1800,0,600,10,350,1,1,1,1,2,2,2,2
1,1958,1,31,344,2,3,2,4,1,1,3,1,5,2500,300,300,40,1300,1,1,1,1,2,2,2,2
1,1987,1,16,344,1,4,1,5,1,3,0,98,5,3000,200,500,40,1350,1,1,1,1,2,2,2,2
1,1991,1,12,344,1,3,1,5,1,3,0,98,5,3000,200,300,20,600,1,1,1,1,2,2,2,2
1,1980,1,19,344,2,4,1,5,1,3,2,1,4,2300,400,600,30,1550,1,1,1,2,2,2,2,2
1,1971,1,24,330,2,3,3,3,1,3,4,1,1,1450,500,500,35,1450,1,1,1,2,2,2,2,2
1,1955,1,37,431,2,4,2,4,1,3,4,1,6,1500,0,0,40,1500,1,1,1,1,2,2,2,2
1,1976,1,32,436,2,3,2,4,1,3,2,1,1,1100,300,300,35,1100,1,1,1,2,2,2,2,2
2,1990,1,19,436,2,3,2,4,1,4,0,98,4,900,0,0,20,900,1,1,1,1,2,2,2,2
2,1994,1,18,330,2,3,4,4,1,5,1,1,4,1500,0,0,10,350,1,1,1,2,2,2,2,1
2,1972,1,32,330,2,5,1,4,1,3,2,1,4,2500,0,0,38,1200,1,2,1,1,2,2,1,1
2,1972,1,26,201,2,5,1,4,1,3,1,1,3,3000,0,0,40,1300,1,1,1,1,2,2,2,1
1,1962,1,46,450,2,3,1,4,1,5,3,1,4,3000,0,1000,40,1200,1,1,1,1,2,2,2,1
2,1984,1,19,254,2,5,2,4,3,3,1,3,3,2000,0,0,40,1000,1,2,2,2,2,2,2,2
1,1982,1,30,330,2,3,3,3,8,4,2,1,4,1300,0,0,20,1300,1,2,1,2,2,2,2,2
2,1981,1,25,235,2,4,1,5,3,2,1,3,3,3000,0,0,36,1300,1,2,1,1,2,2,2,1
1,1972,1,25,201,2,5,1,5,11,1,2,3,4,3500,0,0,40,2000,1,1,1,2,2,2,2,2
1,1963,1,33,330,2,5,1,3,8,3,2,1,4,1400,0,0,40,1300,1,1,1,1,1,2,2,1
2,1978,1,22,235,2,5,2,5,3,2,1,1,3,2400,0,0,40,950,1,2,1,2,2,2,2,2
1,1971,1,24,436,2,2,2,3,1,1,4,1,6,1100,0,0,38,1100,1,2,2,2,2,2,2,2
1,1990,2,,201,1,5,,5,2,1,0,98,1,1000,150,150,30,1000,1,2,1,1,2,2,2,2
2,1995,1,16,201,1,3,3,3,2,4,0,98,4,1200,0,150,22,300,1,2,1,2,2,2,2,1
1,1984,1,26,404,2,5,3,3,1,4,2,1,5,1000,100,100,30,900,1,2,1,1,1,2,2,1
2,1980,1,23,436,2,3,3,3,1,3,3,1,6,900,0,0,25,600,1,2,2,2,2,2,2,1
1,1991,1,12,460,1,3,,4,1,3,0,98,6,1500,0,0,20,400,1,1,1,2,2,2,2,2
1,1976,1,24,436,2,3,3,3,1,3,4,1,7,1600,0,0,32,1600,1,2,1,1,2,2,2,2
2,1981,1,25,245,2,5,3,4,2,3,1,2,3,2000,200,200,18,500,1,2,1,1,1,2,2,1
1,1997,2,,450,1,5,,5,1,1,0,98,5,1250,0,100,15,200,1,2,2,2,2,2,2,1
1,1996,2,,443,1,5,,5,2,1,0,98,4,1600,0,200,18,450,1,2,2,2,2,2,2,2
2,1984,1,16,443,2,4,,5,2,3,0,2,2,2000,0,0,25,800,1,2,1,2,2,2,2,1
1,1989,1,11,401,2,6,,5,1,1,0,3,2,1200,0,0,38,1000,1,2,2,2,2,2,2,1
2,1987,1,24,436,1,3,2,3,1,4,0,98,6,1600,0,200,20,450,1,2,1,2,1,2,2,2
1,1981,1,19,344,1,3,1,4,1,3,0,98,3,1000,150,150,40,800,1,1,2,2,2,2,2,1
1,1980,1,30,235,2,3,3,4,3,2,2,1,5,1600,100,100,35,1600,1,1,2,2,2,2,2,1
1,1968,1,22,419,2,4,1,5,1,1,2,2,4,1900,100,100,30,1200,1,1,1,2,2,2,2,1
2,1973,1,33,243,4,5,3,4,3,4,1,98,1,1000,150,150,40,850,1,2,1,2,2,2,2,1
1,1963,1,38,423,2,6,2,5,6,3,3,1,1,500,60,60,20,300,1,2,1,2,2,2,2,1
1,1991,1,19,411,1,6,1,5,5,4,0,98,1,150,0,0,4,150,2,2,2,2,2,2,2,2
2,1990,1,13,305,2,3,1,5,1,3,2,1,4,1000,100,100,18,600,1,2,2,2,2,2,2,1
2,1970,1,22,348,3,6,2,5,1,1,2,98,3,1000,0,0,20,1000,1,2,2,2,2,2,2,1
2,1992,1,8,436,1,5,,5,1,1,0,98,5,2000,50,50,45,850,2,2,2,2,2,2,2,1
1,1982,1,19,201,2,3,2,3,1,3,2,1,4,1400,0,100,40,1400,1,1,1,2,2,2,2,1
2,1981,1,28,426,4,3,3,3,1,5,1,98,2,600,100,100,20,600,1,1,2,2,2,2,2,1
1,1976,1,27,404,2,3,3,4,2,1,3,1,5,2300,150,200,40,1300,1,2,2,2,2,2,2,1
1,1978,1,32,450,2,3,3,3,2,5,2,1,1,600,200,200,30,600,2,1,2,2,2,2,2,2
1,1975,1,29,435,2,1,,4,1,3,2,3,5,1500,200,300,40,1500,1,1,2,1,2,2,2,1
1,1979,1,33,254,2,2,3,4,3,8,2,1,1,500,150,150,10,500,2,2,2,2,2,2,1,2
2,1980,1,26,442,3,1,,3,1,3,3,98,4,1000,100,100,6,400,1,2,2,2,2,2,2,1
1,1978,1,32,201,2,3,3,2,3,8,1,1,1,500,200,200,10,500,2,2,2,2,2,2,2,2
1,1980,1,25,450,1,3,2,3,1,5,0,2,1,900,300,300,36,900,1,2,2,1,2,2,2,1
2,1984,1,20,436,4,2,3,3,1,3,2,3,4,750,0,0,24,750,1,1,2,2,2,2,2,2
1,1970,1,30,423,2,3,3,5,2,3,3,1,1,1500,350,350,40,1500,1,2,2,2,2,2,2,2
1,1976,1,25,436,2,5,3,3,1,1,3,1,5,1600,0,0,40,1600,1,2,2,2,2,2,2,1
1,1982,1,16,419,2,6,3,4,2,1,2,1,4,700,0,0,24,700,1,1,1,2,2,1,2,1
1,1995,1,13,409,1,3,1,5,1,4,0,98,5,2600,0,300,40,780,1,1,1,2,2,2,2,1
2,1975,1,26,423,2,3,3,4,2,3,2,1,2,800,150,150,48,800,1,1,2,2,2,2,2,1
1,1985,1,22,344,2,3,3,4,1,3,1,1,1,1200,200,200,40,1200,2,2,2,2,2,2,2,2
1,1984,1,27,330,1,3,3,4,9,4,0,98,1,1000,600,600,30,1000,2,2,2,2,2,2,2,2
1,1955,1,28,436,2,3,3,5,1,1,2,1,4,2400,0,50,40,1300,2,2,2,2,2,2,2,2
1,1968,1,27,311,2,3,1,5,2,3,3,1,5,2000,0,0,40,1000,1,2,2,2,2,2,2,1
2,1949,1,49,615,2,3,3,5,2,3,3,1,1,1000,500,500,40,1000,1,2,1,2,2,2,2,1
1,1975,1,36,311,1,3,3,3,2,4,0,98,1,600,200,200,20,600,2,2,2,2,2,2,2,2
1,1974,1,28,460,4,3,3,4,1,3,0,98,1,1000,50,50,40,1000,1,2,2,2,2,2,2,1
1,1987,1,11,436,2,5,1,5,1,3,0,1,6,1200,0,0,45,1200,1,1,2,2,2,2,2,1
2,1967,1,41,605,2,6,3,5,5,3,1,1,3,1500,0,0,12,500,1,1,2,2,2,2,2,1
1,1961,1,52,323,2,6,3,4,2,4,5,1,3,600,0,0,15,250,2,2,2,2,2,2,2,2
1,1976,1,35,305,2,3,3,2,1,4,1,1,1,800,400,400,35,800,2,2,2,2,2,2,2,2
1,1971,1,38,305,2,6,3,3,1,3,2,1,1,900,100,100,40,900,1,2,2,2,2,2,2,1
2,1981,1,20,515,2,3,3,4,2,3,2,2,6,2000,0,0,16,500,2,2,2,2,2,2,2,2
2,1964,1,39,254,2,5,2,3,3,3,2,1,1,1100,400,400,40,1100,1,2,1,2,1,2,2,1
1,1970,1,25,401,1,5,3,4,1,1,0,2,1,1200,0,0,40,1200,1,2,2,2,2,2,2,2
2,1971,1,25,460,2,2,3,3,1,3,3,1,5,1600,0,0,15,400,1,1,1,2,1,2,2,1
2,1978,1,26,235,4,4,3,4,3,2,1,98,2,800,0,0,20,800,1,1,1,2,2,2,2,1
1,1996,1,4,311,1,5,1,5,7,3,0,98,1,700,0,0,40,700,1,2,2,2,2,2,2,2
2,1976,1,27,436,1,5,3,3,1,3,0,1,1,900,100,100,40,900,1,2,1,2,2,2,2,1
2,1976,1,24,201,2,6,1,5,1,1,1,1,3,2500,500,500,40,1200,1,2,1,2,1,2,2,1
2,1968,1,33,201,2,5,2,3,1,3,2,1,4,1900,0,0,40,700,1,2,2,2,2,2,2,1
2,1969,1,28,201,2,6,1,5,1,3,1,2,3,2600,0,0,20,700,1,1,1,2,1,2,2,1
2,1955,1,58,209,2,5,3,2,3,2,3,1,1,1200,700,700,40,1200,2,2,2,2,2,2,2,2
1,1976,1,27,201,2,5,3,3,1,3,1,1,3,2600,0,300,40,1600,1,1,1,2,1,2,2,1
1,1977,1,29,330,2,5,2,3,8,3,2,1,4,1800,0,0,40,1800,1,2,2,2,2,2,2,1
2,1979,1,28,254,1,5,3,5,3,3,0,98,1,1200,50,50,40,1200,1,2,1,2,1,2,2,1
1,1976,1,28,201,2,6,1,5,1,3,1,1,3,3000,500,500,40,1600,1,1,1,2,1,2,2,1
2,1976,1,30,235,2,5,3,4,3,2,2,1,4,2000,0,50,10,400,1,1,1,2,2,2,2,1
2,1980,1,27,235,1,5,3,5,3,2,0,2,2,3000,200,200,40,1500,1,2,1,2,2,2,2,1
2,1986,1,21,235,2,5,3,4,3,2,2,1,4,2000,0,0,40,900,1,2,1,2,2,2,2,1
1,1991,1,19,323,1,3,2,5,2,3,0,98,5,2000,0,250,40,900,1,1,2,1,2,2,2,2
1,1970,1,32,401,2,1,,5,1,3,2,1,3,2050,100,200,40,1400,1,2,2,1,2,2,2,1
2,1975,1,38,411,2,5,,4,5,8,2,1,1,300,0,0,28,300,2,2,2,2,2,2,2,2
2,1979,1,26,411,1,5,2,5,5,3,1,98,3,200,0,0,5,200,1,1,1,2,2,2,2,1
2,1980,1,28,436,2,4,4,4,1,3,3,1,4,700,0,0,10,150,1,1,2,2,2,2,2,1
1,1976,1,28,409,1,3,3,3,1,4,1,1,4,1900,200,200,30,900,1,2,2,2,2,2,2,2
1,1969,1,35,450,2,2,3,4,1,3,4,1,1,1200,300,300,40,1200,1,2,2,2,2,2,2,1
2,1986,1,29,401,2,5,2,2,1,4,0,1,2,1900,150,300,20,600,1,2,2,2,2,2,2,2
1,1973,1,26,423,4,3,4,5,2,3,2,1,6,1500,200,250,40,1500,1,2,2,2,2,2,2,1
1,1970,1,35,409,2,1,,3,1,3,2,1,5,1200,100,150,60,1200,2,2,2,2,2,2,2,2
2,1981,1,25,254,2,4,2,4,2,1,2,2,4,2500,200,200,40,1100,1,2,2,2,2,2,2,2
2,1984,1,28,201,4,2,3,3,2,4,1,98,2,900,0,0,25,600,1,2,2,2,2,2,2,2
1,1982,1,27,235,1,4,1,5,3,2,0,2,2,2500,0,0,50,1600,1,2,2,2,2,2,2,2
1,1961,1,42,235,2,4,1,4,3,2,5,1,6,1500,0,0,45,1500,1,2,2,2,2,2,2,2
1,1979,1,26,272,2,3,2,4,1,3,3,1,1,1500,500,500,50,1500,1,2,1,2,2,2,2,2
1,1972,1,30,443,2,3,4,4,1,3,3,1,5,1600,0,50,45,1600,2,2,1,2,2,2,2,1
1,1972,1,28,201,2,3,2,5,1,1,2,1,6,2500,0,100,45,1700,1,2,1,2,2,2,2,2
1,1995,1,17,311,1,3,3,4,2,4,0,98,2,2000,0,1000,40,1200,2,2,2,2,2,2,2,2
1,1972,1,33,423,2,1,,3,2,4,4,1,6,1000,0,0,5,500,1,1,2,2,2,2,1,1
1,1970,1,38,423,2,4,4,4,2,3,4,1,6,1600,0,100,45,1600,1,2,1,2,2,2,2,1
1,1984,1,20,272,2,3,3,3,1,3,2,1,4,1400,0,100,45,1400,1,2,1,2,2,2,2,2
1,1968,1,34,450,2,5,3,4,1,3,3,1,5,1500,0,100,45,1500,1,2,1,2,2,2,2,1
2,1975,1,28,423,4,4,4,4,2,3,3,98,4,900,50,50,35,900,1,2,2,2,2,2,2,1
1,1977,1,24,272,2,3,2,4,1,3,2,1,4,2000,0,200,45,1600,2,2,1,2,2,2,2,1
1,1976,1,23,419,2,2,3,4,1,3,2,1,4,1200,0,50,40,1200,2,1,2,2,2,2,2,1
1,1999,1,14,419,1,3,3,4,1,4,0,98,6,1800,0,0,30,500,2,2,2,2,2,2,2,2
2,1987,1,22,431,2,3,2,3,1,4,4,1,6,1000,0,0,10,400,1,2,1,2,2,2,2,1
1,1969,1,29,436,2,3,3,4,1,1,3,1,6,2000,0,0,45,2000,1,2,1,2,2,2,2,1
1,1980,1,20,413,2,2,3,4,3,3,3,1,5,2000,0,100,50,1500,1,2,2,2,2,2,2,2
1,1986,1,23,272,1,3,2,5,1,3,0,98,1,1500,200,200,45,1500,2,2,2,2,2,2,2,2
1,1972,1,27,450,2,2,3,4,1,3,3,1,5,1700,0,50,45,1400,1,1,1,2,2,2,2,2
2,1990,1,16,254,2,5,,5,3,3,1,3,3,2000,100,100,6,400,1,1,2,2,2,2,2,1
1,1987,1,20,344,2,4,3,3,1,3,2,1,4,1500,0,100,40,1500,1,2,2,2,1,2,2,1
1,1998,1,9,436,1,4,,5,1,1,0,98,5,2500,0,250,12,500,2,2,2,2,2,2,2,2
1,1984,1,18,436,2,3,2,4,1,3,2,1,4,2000,0,200,20,2000,2,2,2,2,2,2,2,2
1,1972,1,27,460,2,3,3,4,1,1,3,1,5,1700,0,50,40,1700,1,2,1,1,2,2,2,1
2,1976,1,24,235,4,5,3,5,3,1,2,2,4,2300,100,100,40,1400,1,2,1,1,2,2,2,1
1,1972,1,27,235,2,5,4,4,3,1,3,1,6,2000,0,0,45,1500,2,2,2,2,2,2,2,1
2,1968,1,44,243,4,5,3,4,3,5,2,2,1,1000,500,500,50,1000,1,2,1,2,2,2,2,1
1,1979,1,22,305,2,5,2,4,1,3,3,1,5,2200,0,200,48,1800,2,2,2,2,2,2,2,2
2,1968,1,40,443,2,2,3,3,1,3,3,1,5,1600,50,50,30,800,1,1,2,2,2,2,2,2
1,1976,1,24,305,2,3,3,3,1,1,2,1,5,2000,0,200,48,1600,2,2,2,2,2,2,2,2
2,1992,1,7,235,2,5,,5,3,1,0,2,2,1800,50,50,10,350,1,2,1,1,2,2,2,1
2,1968,1,37,254,4,3,3,4,3,3,2,3,1,1000,400,400,50,1000,1,2,1,1,2,2,2,1
1,1986,1,13,235,1,3,2,4,3,1,0,1,2,2500,200,200,50,1400,2,2,2,2,2,2,2,2
1,1977,1,23,344,2,3,3,4,1,3,3,1,5,2000,0,100,50,2000,1,1,2,2,2,2,2,1
2,1976,1,34,235,4,5,4,4,3,1,2,98,3,1200,50,50,40,1200,1,1,1,2,1,2,2,1
1,1970,1,29,436,2,3,3,4,1,3,4,1,6,1800,0,0,50,1800,2,2,2,2,2,2,2,2
1,1971,1,24,330,2,3,3,5,9,1,2,1,4,1500,0,200,40,1500,1,2,2,2,2,2,2,2
1,1976,1,31,330,2,5,2,3,8,3,1,1,3,1000,0,0,40,1000,1,2,2,2,2,2,2,2
1,1981,1,30,311,2,3,3,3,7,4,1,1,1,1000,300,300,50,1000,2,1,2,2,2,2,2,1
1,1963,1,45,344,2,3,3,3,1,5,3,1,1,500,200,200,60,500,1,2,1,2,2,2,2,1
1,1971,1,23,201,2,3,3,4,1,4,2,1,4,1400,0,0,20,500,1,2,1,2,2,2,2,2
1,1970,1,28,460,1,3,3,3,1,3,0,98,1,500,0,0,20,500,1,1,1,2,2,1,2,1
1,1988,1,17,305,1,6,1,5,1,4,0,98,1,1000,0,0,40,1000,1,2,2,2,2,2,2,2
1,1986,1,25,344,2,3,3,4,1,6,0,1,1,1600,1000,1000,50,1600,1,1,2,2,2,2,2,1
1,1974,1,27,344,2,1,,2,1,3,2,1,3,500,0,0,40,500,1,1,2,2,2,2,2,2
1,1978,1,27,436,1,6,3,5,1,4,0,98,1,1200,0,0,40,1200,2,2,2,2,2,2,2,2
1,1983,1,22,436,2,2,3,3,1,4,1,1,1,700,200,200,30,700,2,2,2,2,2,2,2,2
1,1967,1,29,305,2,3,3,4,1,3,2,1,4,1500,0,0,40,1500,1,2,2,2,2,2,2,2
2,1980,1,28,271,2,5,2,3,3,3,1,1,3,2000,0,0,20,500,1,2,1,2,2,2,2,1
2,1969,1,36,235,4,3,3,4,3,2,3,98,1,1600,500,500,40,1600,1,2,2,2,2,2,2,1
2,1979,1,30,243,4,5,2,4,3,3,0,1,1,800,0,0,40,800,2,2,2,2,2,2,2,2
2,1996,1,18,443,1,3,3,3,6,6,0,98,1,200,0,0,10,200,2,2,2,2,2,2,2,2
1,1971,1,26,419,2,5,2,3,1,3,3,1,5,1200,0,0,40,1200,1,1,1,2,2,2,2,1
1,1964,1,32,460,2,6,2,4,1,1,2,3,4,2000,0,200,40,1100,1,2,2,2,2,2,2,2
2,1980,1,26,423,2,6,3,3,6,3,1,1,3,1600,0,0,20,500,1,2,1,2,2,2,2,1
1,1979,1,27,344,2,5,2,3,1,3,1,1,4,1600,0,300,40,900,1,1,1,2,2,2,2,2
1,1977,1,22,201,2,5,3,3,1,3,1,1,3,1900,0,400,40,1300,1,1,1,2,2,2,2,2
1,1978,1,32,235,1,5,3,3,3,2,0,98,1,1200,0,0,40,1200,2,2,2,2,2,2,2,2
1,1977,1,29,330,2,5,2,3,8,3,2,1,5,1750,0,0,40,1100,1,1,1,2,2,2,2,1
1,1964,1,27,436,2,6,1,4,1,3,4,1,6,1000,0,0,30,750,1,2,2,2,2,2,2,2
2,1981,1,24,235,1,5,1,5,3,2,0,1,2,2000,0,0,40,1000,1,2,1,2,1,2,2,1
2,1989,1,7,344,2,5,1,5,1,1,0,1,2,800,0,0,30,800,1,2,1,2,2,2,2,1
2,1978,1,25,436,1,3,2,3,1,3,0,1,1,1100,100,100,40,1100,1,2,2,2,2,2,2,2
1,1964,1,29,450,2,2,2,3,1,3,3,1,3,1100,200,200,40,1100,1,2,2,2,2,2,2,2
2,1985,1,20,243,4,5,2,4,3,3,0,98,1,800,0,0,40,800,1,2,2,2,2,2,2,2
2,1977,1,34,235,4,6,2,3,3,2,1,2,2,1000,0,0,40,1000,1,2,1,2,2,2,2,1
1,1966,1,34,460,2,4,2,4,1,3,2,1,5,2500,0,300,40,1500,1,1,1,2,1,2,2,1
1,1979,1,22,401,2,5,2,4,1,3,3,1,5,1800,0,0,50,1800,1,2,1,2,2,2,2,1
1,1966,1,29,419,2,5,2,3,1,3,3,1,5,1300,0,0,40,1300,1,2,2,2,2,2,2,2
2,1974,1,33,243,4,6,2,4,3,3,1,98,2,1300,0,0,40,1300,1,2,1,2,2,2,2,1
2,1969,1,41,243,4,5,2,4,3,3,2,98,1,1200,400,400,40,1200,1,2,1,2,2,2,2,1
2,1976,1,22,404,4,4,1,4,1,3,2,98,2,1100,0,0,40,1100,1,1,1,2,1,2,2,1
2,1974,1,27,201,2,4,3,3,1,3,2,1,4,1700,0,0,20,500,1,2,2,2,2,2,2,2
2,1986,1,16,201,2,3,2,4,1,3,3,1,5,2200,0,500,40,1000,1,2,1,2,2,2,2,2
1,1960,1,31,250,4,4,3,4,2,2,2,98,1,1600,800,800,40,1600,1,1,1,2,1,2,2,1
1,1966,1,27,419,2,6,1,4,1,1,2,1,4,1400,0,0,40,1400,1,2,1,2,2,2,2,1
1,1964,1,27,460,2,6,1,4,1,1,4,3,6,800,0,0,20,800,1,2,2,2,2,2,2,2
2,1966,1,41,311,2,5,3,2,2,3,2,1,1,900,300,300,30,900,1,2,2,2,2,2,2,2
2,1980,1,29,450,1,5,2,3,1,4,1,98,2,400,0,0,10,400,1,2,2,2,2,2,2,2
2,1984,1,24,323,2,5,4,3,2,3,1,1,3,800,0,0,20,800,1,2,2,2,2,2,2,2
2,1972,1,21,450,2,3,3,3,1,3,2,1,4,1500,0,200,20,650,1,1,1,2,2,2,2,2
2,1986,1,12,344,2,6,1,5,1,3,1,1,4,2000,0,400,40,1200,1,2,1,2,1,2,2,1
2,1970,1,25,419,2,2,2,3,1,1,2,1,4,1500,100,100,12,500,1,2,1,2,1,2,2,1
1,1960,1,47,330,2,5,2,3,8,3,2,1,5,2200,0,400,40,1600,1,1,1,2,2,2,2,1
1,1974,1,32,330,2,5,2,4,8,3,2,1,4,1600,0,300,50,1600,1,2,1,2,1,2,2,1
1,1989,1,11,311,1,5,1,5,7,3,0,98,1,1100,0,0,40,1100,1,2,2,2,2,2,2,1
2,1951,1,61,209,2,3,3,2,3,2,3,1,1,1500,1000,1000,40,1500,1,1,1,2,1,2,2,2
1,1971,1,35,235,2,5,3,3,3,2,2,1,4,2000,0,400,40,1500,1,2,2,2,2,2,2,1
2,1976,1,35,254,4,5,4,4,3,3,1,98,1,1000,300,300,20,1000,1,1,1,2,2,2,2,1
2,1963,1,46,243,2,5,4,3,3,3,3,1,1,1100,400,400,40,1100,1,2,2,2,2,2,2,1
2,1960,1,40,243,2,6,4,3,3,3,2,1,2,2400,0,500,40,1200,1,2,2,2,2,2,2,1
2,1986,1,27,243,2,5,2,3,3,3,1,1,3,1000,0,0,20,100,1,2,1,2,2,2,2,2
2,1964,1,39,243,2,5,4,3,3,3,3,1,2,1500,0,400,20,800,1,2,1,2,2,2,2,2
2,1968,1,30,615,4,5,4,4,2,3,2,98,1,1300,0,0,40,1300,1,2,1,2,2,2,2,1
2,1961,1,31,602,2,6,1,5,2,1,2,1,3,1200,300,300,40,1200,1,2,1,2,2,2,2,1
2,1960,1,33,615,2,6,1,5,2,1,2,1,2,2800,0,500,40,1400,1,2,1,2,1,2,2,1
1,1964,1,28,602,4,6,2,5,2,1,2,98,1,1600,0,0,50,1600,1,2,1,2,2,2,2,1
2,1976,1,29,604,2,5,2,4,2,3,2,1,4,1800,0,0,30,600,1,1,1,2,1,2,2,1
2,1982,1,25,233,1,3,3,4,3,2,1,2,2,1200,200,200,20,600,2,2,2,2,2,2,2,2
1,1987,1,19,344,2,5,2,4,2,1,2,2,5,1500,0,0,40,1200,1,1,2,1,2,2,2,1
1,1978,1,27,409,2,5,2,4,1,3,3,1,5,1300,50,100,40,1300,1,1,2,1,2,2,2,2
2,1981,1,27,254,4,4,,4,2,3,1,98,2,300,0,0,8,300,1,1,2,2,2,2,2,1
2,1966,1,35,443,4,3,2,4,2,3,2,98,1,1200,300,300,40,1200,1,1,2,2,2,2,2,1
1,1987,1,21,305,2,1,,4,1,3,3,1,5,1300,100,200,40,1300,1,1,2,2,2,2,2,1
1,1974,1,36,450,2,3,2,4,1,3,1,2,2,2800,250,250,40,1200,1,1,2,2,2,2,2,1
1,1974,1,30,404,2,3,,4,1,3,0,1,2,2400,200,300,40,1200,1,2,2,2,2,2,2,1
1,1980,1,26,524,1,3,2,3,5,7,1,98,1,200,0,0,20,200,2,1,2,2,2,2,1,2
1,1980,1,28,409,1,3,,4,2,9,1,3,2,1600,100,100,25,600,2,2,2,2,2,2,1,2
2,1979,1,30,243,4,1,,4,3,8,2,98,1,900,500,500,60,900,2,2,2,2,2,2,2,2
2,1966,1,34,254,3,1,,4,2,3,3,98,2,600,0,0,10,150,1,2,2,2,2,2,2,1
1,1965,1,32,323,2,4,,5,2,1,5,1,5,2500,0,600,50,2000,1,2,2,2,2,2,2,1
1,1991,1,19,201,1,4,2,5,2,3,0,98,1,1200,600,600,47,1200,1,2,2,2,2,2,2,1
2,1971,1,28,409,2,3,2,5,5,1,2,1,4,2700,150,300,40,1300,1,2,2,2,2,2,2,1
2,1980,1,25,608,2,3,2,4,2,3,2,1,4,1000,0,0,40,1000,1,2,2,2,2,2,2,2
1,1979,1,31,235,1,5,1,5,3,2,0,98,1,1300,100,100,40,1300,1,2,2,2,2,2,2,1
2,1980,1,22,305,2,4,,5,7,1,2,1,4,800,0,0,20,600,1,2,2,2,2,2,2,2
2,1979,1,30,436,2,5,,4,1,3,3,1,5,3200,200,300,24,800,1,2,2,2,2,2,2,1
2,1985,1,10,409,2,4,,5,2,1,0,2,2,2000,200,200,40,900,1,2,2,2,2,2,2,2
2,1983,1,26,404,1,4,3,5,1,3,1,1,5,3700,300,300,20,600,1,1,2,2,2,2,2,2
2,1970,1,32,450,2,1,,5,1,1,3,1,5,1300,0,0,40,1100,1,1,2,2,2,2,2,1
1,1984,1,26,201,2,3,4,4,3,3,0,2,2,2500,100,100,40,1300,1,2,2,2,2,2,2,1
1,1978,1,32,435,1,1,,4,1,4,0,3,2,800,0,0,30,200,2,2,2,2,2,2,2,2
1,1978,1,32,323,2,3,4,3,2,6,3,1,1,1100,600,600,48,1100,2,2,2,2,2,2,2,2
2,1975,1,32,423,2,3,2,4,2,3,2,1,4,2000,100,200,40,1000,1,1,2,2,2,2,2,1
2,1976,1,26,409,2,2,2,4,2,3,4,1,6,1300,0,0,40,1100,1,2,2,2,2,2,2,1
2,1988,1,19,401,2,2,3,4,1,3,2,1,4,1800,100,250,20,600,1,2,2,2,2,2,2,1
1,1982,1,27,411,2,6,2,4,2,1,0,2,2,2500,300,300,48,1500,1,2,2,2,2,2,2,1
1,1976,1,32,615,4,4,,4,2,4,2,98,1,1300,1000,1000,40,1300,1,1,2,2,2,2,2,1
1,1988,1,7,450,1,5,,5,1,1,0,2,2,2050,0,0,40,1000,1,2,2,2,2,2,2,2
1,1986,2,,450,1,5,,5,1,1,0,98,1,1500,0,0,60,1500,1,2,2,2,2,2,2,2
1,1976,1,32,460,1,1,,4,1,5,2,1,3,1500,100,200,48,1200,1,1,2,2,2,2,2,2
2,1981,1,26,235,4,5,,4,3,2,2,2,2,1200,200,200,40,1200,1,1,2,2,2,2,2,2
1,1971,1,31,344,2,2,2,4,1,1,4,1,6,1500,0,0,60,1500,1,1,2,2,2,2,2,1
1,1985,1,20,435,4,4,,4,1,3,2,3,4,1500,50,100,5,250,1,1,2,2,2,2,2,1
2,1974,1,31,602,4,4,,4,5,3,3,98,4,1400,0,0,40,1200,1,1,2,2,2,2,2,1
1,1980,1,24,201,2,3,3,5,2,1,2,2,4,3000,150,150,48,1900,1,2,2,2,2,2,2,1
1,1972,1,27,344,2,3,3,4,1,3,2,1,4,1600,0,100,48,1600,1,1,2,2,2,2,2,1
2,1977,1,26,411,2,2,3,4,2,3,3,1,5,2000,50,100,10,600,1,1,2,2,2,2,2,1
1,1984,1,15,201,2,3,3,5,1,3,1,1,5,1800,0,0,48,1800,2,2,2,2,2,2,2,2
1,1976,1,19,344,2,3,3,5,1,3,3,1,5,2500,0,200,50,2000,1,2,2,2,2,2,2,1
1,1983,1,17,330,2,5,3,3,9,3,2,1,4,1700,0,200,40,1700,2,2,2,2,2,2,2,2
2,1979,1,20,201,2,5,4,5,1,3,2,1,6,1800,0,0,40,1800,1,2,2,2,2,2,2,1
1,1988,1,13,330,2,5,2,4,9,3,2,1,1,1300,300,300,48,1300,2,2,2,2,2,2,2,2
2,1968,1,36,243,2,4,4,4,3,4,1,1,1,900,200,200,45,900,1,2,1,2,2,2,2,1
2,1987,1,8,235,2,6,,5,3,1,1,1,4,2000,0,50,45,1300,2,2,2,2,2,2,2,1
2,1982,1,17,243,2,5,4,5,3,1,0,2,2,2500,100,100,48,1400,1,2,1,1,2,2,2,1
1,1984,1,14,235,2,4,4,5,3,1,2,1,4,2000,0,0,45,1600,2,2,2,2,2,2,2,2
1,1964,1,35,419,2,4,3,4,1,4,2,1,4,1700,0,0,70,1700,1,2,2,2,2,2,2,2
2,1977,1,23,235,2,4,2,5,3,2,1,3,3,2000,0,0,55,1000,1,1,2,2,2,2,2,1
2,1968,1,32,311,2,4,2,4,3,4,2,1,4,2300,0,0,60,1100,1,2,1,2,2,2,2,2
2,1982,1,22,254,2,5,4,4,3,3,2,1,4,1800,0,0,25,450,1,2,1,2,2,2,2,1
2,1978,1,26,605,4,4,2,4,2,1,0,98,1,1000,200,200,40,1000,1,2,1,2,2,2,2,1
2,1978,1,27,235,4,5,4,5,3,2,1,98,2,1300,0,0,50,1300,1,2,1,2,1,2,2,1
1,1974,1,31,608,2,4,4,4,6,4,1,1,3,1200,0,0,60,1200,2,2,2,2,2,2,2,2
2,1968,1,32,609,2,5,2,5,2,3,3,1,5,3400,50,100,39,1050,1,2,2,2,2,2,2,1
1,1997,1,8,436,2,5,4,5,1,3,0,1,2,1600,0,150,39,1600,1,2,2,2,2,2,2,2
1,1988,1,16,436,1,3,1,5,1,3,0,98,6,2900,0,100,39,1600,2,2,2,2,2,2,2,2
1,1969,1,31,201,2,3,,5,11,3,3,1,5,1800,0,100,40,1800,1,2,1,2,2,2,2,1
2,1980,1,25,235,2,4,2,5,3,2,0,1,2,1700,0,200,20,400,1,2,1,2,2,2,2,1
2,1968,1,40,609,4,5,2,4,2,4,1,98,2,900,0,0,50,900,1,2,2,2,2,2,2,2
2,1970,1,37,608,2,3,2,4,2,4,1,1,3,1600,0,0,50,900,1,2,2,2,2,2,2,1
2,1986,1,17,272,2,3,2,4,2,3,1,3,3,1500,0,0,15,250,1,2,1,2,2,2,2,1
1,1978,1,22,235,2,4,2,5,3,1,1,1,3,2700,0,0,50,1700,1,1,2,2,2,2,2,2
2,1985,1,23,423,1,3,2,3,1,4,0,98,1,1000,150,150,70,1000,1,2,2,2,2,2,2,2
1,1971,1,32,615,2,5,2,4,2,5,1,1,3,1200,0,0,50,1100,1,2,2,2,2,2,2,2
2,1979,1,26,323,2,5,3,4,2,4,2,1,4,2000,0,0,36,1000,1,2,1,2,2,2,2,2
1,1981,1,17,201,2,4,3,5,1,3,1,1,5,2300,0,100,40,2300,2,2,2,2,2,2,2,2
2,1982,1,20,252,2,5,2,5,1,3,2,1,6,2500,0,0,10,300,1,2,2,2,2,2,2,1
1,1977,1,23,450,2,5,,4,1,3,2,1,4,1600,0,50,39,1600,1,2,1,2,2,2,2,2
1,1981,1,23,458,2,2,1,4,1,3,2,1,4,1100,0,0,50,1100,2,2,2,2,2,2,2,2
2,1972,1,23,272,4,3,3,4,1,3,5,98,5,1300,0,0,20,600,1,2,2,2,2,2,2,1
2,1984,1,24,250,2,5,1,5,2,2,0,2,3,3100,100,100,38,1100,1,2,2,2,2,2,2,1
2,1973,1,30,323,2,5,1,5,2,3,3,1,5,3000,0,300,25,1200,1,2,2,2,2,2,2,1
2,1988,1,17,245,1,3,3,4,3,4,0,98,1,1200,300,300,48,1200,1,2,2,2,2,2,2,2
2,1983,1,19,245,1,5,3,5,3,4,0,98,1,1000,400,400,45,1000,1,2,2,2,2,2,2,2
1,1987,1,25,243,2,4,3,5,2,4,2,1,1,2000,0,500,40,2000,1,2,2,2,2,2,2,2
2,1988,1,18,615,1,5,2,5,2,3,0,98,1,1350,0,0,40,1350,2,2,2,2,2,2,2,1
2,1982,1,30,516,1,2,3,3,2,4,0,98,1,800,0,0,60,800,2,2,2,2,2,2,2,2
1,1985,1,20,460,1,3,3,3,1,4,0,98,1,900,300,300,40,900,1,2,2,2,2,2,2,2
1,1978,1,28,460,2,3,3,3,1,3,3,1,5,2000,100,100,40,2000,1,2,2,2,2,2,2,1
1,1980,1,31,201,1,3,3,4,3,4,0,98,1,1100,200,200,40,1100,1,2,2,2,2,2,2,2
1,1968,1,20,460,2,4,1,4,1,1,4,1,6,2000,200,200,30,2000,1,1,1,1,2,2,2,1
1,1965,1,24,337,2,5,3,4,1,1,4,1,6,2500,50,100,45,1800,1,2,2,2,2,2,2,1
1,1969,1,23,419,2,4,1,3,1,3,3,1,4,1000,0,0,24,1000,1,2,2,2,2,2,2,1
1,1979,1,32,337,1,3,3,4,1,4,0,98,1,1100,200,200,45,1100,2,2,2,2,2,2,2,2
1,1978,1,28,460,2,3,3,3,1,3,3,1,5,2000,200,200,40,2000,1,1,2,2,2,2,2,1
2,1975,1,30,351,2,2,3,3,1,3,2,1,4,1700,0,100,8,300,2,2,2,2,2,2,2,2
2,1965,1,37,243,4,5,2,5,3,3,1,98,2,2100,150,150,34,1300,1,2,2,2,2,2,2,1
1,1987,1,25,249,1,3,3,4,2,2,0,98,1,950,0,0,40,950,1,2,2,2,2,2,2,2
1,1989,1,26,201,1,3,4,2,3,8,0,98,1,500,0,0,20,500,2,2,2,2,2,2,2,2
1,1964,1,34,337,2,1,,5,1,3,5,1,7,3500,0,0,40,3500,1,1,1,2,1,2,2,2
2,1985,1,26,254,1,3,3,3,2,4,0,98,1,850,350,350,50,850,2,2,2,2,2,2,2,2
1,1974,1,23,419,2,6,1,5,1,3,2,2,5,2000,500,500,30,2000,1,1,1,2,2,2,2,2
1,1970,1,32,254,2,6,2,5,3,3,2,1,4,2000,0,100,40,1600,1,2,2,2,2,2,2,2
1,1977,1,25,419,2,4,1,3,1,3,3,1,5,1500,0,0,40,1500,1,1,2,2,2,2,2,1
1,1984,1,20,436,2,5,3,4,1,3,0,1,2,1400,0,250,35,1400,1,1,2,2,2,2,2,1
1,1971,1,27,436,2,5,2,3,1,3,2,1,5,1200,0,100,39,1200,1,2,2,2,2,2,2,1
1,1980,1,24,436,1,3,,2,1,4,0,98,2,800,100,100,26,800,2,2,2,2,2,2,2,2
1,1963,1,37,436,2,1,,4,1,3,3,1,5,1500,100,100,20,1500,1,2,2,2,2,2,2,1
1,1970,1,21,323,2,3,3,3,2,3,3,1,4,2500,0,0,40,1700,1,2,2,2,2,2,2,1
1,1990,1,15,351,1,3,1,5,1,5,0,98,1,1250,0,0,42,1250,2,2,2,2,2,2,2,1
1,1973,1,25,436,2,6,2,3,1,3,1,1,1,1400,200,200,40,1400,1,2,2,2,2,2,2,1
1,1967,1,23,436,2,5,1,4,1,5,3,1,5,400,0,0,20,400,1,2,2,2,2,2,2,2
1,1959,1,27,436,2,2,3,3,1,3,5,1,3,900,0,0,25,300,1,2,2,2,2,2,2,1
1,1979,1,21,436,2,2,3,3,1,3,2,1,4,1400,0,0,25,1400,1,2,2,2,2,2,2,1
1,1979,1,21,419,2,5,3,3,1,3,3,1,1,500,100,100,25,500,1,2,2,2,2,2,2,1
1,1985,1,5,419,2,5,3,4,1,3,3,1,1,800,200,200,30,800,1,2,2,2,2,2,2,1
2,1973,1,32,323,2,5,2,4,5,4,2,1,4,1700,0,600,16,550,1,2,2,2,2,2,2,2
2,1977,1,34,323,2,5,1,4,5,4,1,1,3,2200,0,250,45,1000,1,2,2,2,2,2,2,1
2,1957,1,37,323,3,6,2,5,2,3,2,98,4,1900,0,200,6,250,2,2,2,2,2,2,2,1
2,1968,1,38,323,4,5,2,3,2,4,2,98,1,1200,500,500,34,1200,2,2,2,2,2,2,2,2
1,1990,1,17,323,2,5,2,3,2,4,0,1,6,3800,500,500,48,1000,1,2,2,2,2,2,2,1
2,1953,1,26,323,1,6,2,5,5,1,0,98,1,1000,300,300,28,1000,1,2,1,2,1,2,2,1
2,1974,1,39,323,2,6,2,2,6,4,0,1,4,3600,0,500,15,600,1,2,2,2,2,2,2,1
2,1950,1,29,323,1,6,2,5,6,3,1,98,2,1800,0,0,20,1000,1,2,2,2,2,2,2,1
1,1982,1,28,305,2,5,2,4,1,4,1,1,1,950,150,150,24,950,2,2,2,2,2,2,2,2
1,1969,1,39,436,2,4,3,5,1,4,3,1,5,4000,0,200,50,1500,1,2,2,2,2,2,2,1
2,1968,1,37,460,2,5,2,5,1,3,2,1,4,5000,0,500,48,1200,1,2,2,2,2,2,2,1
2,1988,1,12,314,1,6,,5,7,4,0,98,4,2000,0,100,30,800,2,2,2,2,2,2,2,1
1,1986,1,23,330,2,3,,3,8,4,0,1,1,1200,200,200,48,1200,2,2,2,2,2,2,2,2
1,1987,1,15,323,2,3,1,3,2,4,0,1,6,3500,300,500,48,1200,1,2,2,2,2,2,2,1
2,1977,1,28,436,1,5,2,5,1,3,0,98,1,1500,200,200,40,1500,1,2,1,2,2,2,2,1
1,1978,1,21,330,2,3,3,5,9,3,2,1,4,1450,0,50,35,1450,2,2,2,2,2,2,2,1
1,1988,1,25,201,1,6,4,5,11,4,0,98,5,2500,0,0,12,400,2,2,2,2,2,2,2,2
1,1971,1,39,311,1,5,,3,7,4,0,98,1,600,50,50,20,600,2,2,2,2,2,2,2,2
2,1970,1,30,615,1,3,3,5,2,3,1,1,3,2200,100,100,30,800,1,2,1,2,2,2,2,1
1,1949,1,56,358,2,5,3,4,3,3,2,3,2,1350,0,0,40,1350,1,2,1,2,2,2,2,2
1,1973,1,27,406,2,2,3,3,1,3,1,1,1,1300,300,300,20,1300,2,2,2,2,2,2,2,2
1,1978,1,23,201,2,3,3,5,11,3,1,1,3,2500,0,150,40,1900,2,2,2,2,2,2,2,2
1,1987,1,17,460,2,5,1,5,1,3,0,2,2,3200,100,100,50,1500,1,2,1,2,2,2,2,2
1,1979,1,25,351,2,5,3,5,1,3,2,1,4,1580,0,0,42,1580,1,2,1,2,2,2,2,1
2,1977,1,24,436,2,3,3,4,1,4,1,1,3,1300,50,100,6,150,2,2,2,2,2,2,2,1
1,1972,1,30,436,2,5,2,5,1,3,3,1,5,1000,0,0,40,1000,2,2,2,2,2,2,2,1
1,1965,1,40,254,2,5,2,5,3,3,2,1,2,1300,0,200,20,1000,1,2,1,2,2,2,2,1
1,1982,1,21,235,1,5,3,5,3,2,0,1,2,2900,200,200,42,1550,2,2,2,2,2,2,2,2
2,1972,1,31,423,2,3,3,4,5,3,3,1,5,1800,0,100,8,250,1,1,2,2,2,2,2,1
1,1964,1,38,609,2,3,3,4,2,3,0,1,5,3800,100,150,42,1600,1,2,2,2,2,2,2,1
1,1977,1,18,235,2,5,2,5,4,2,1,2,3,2500,100,100,40,1100,2,2,2,2,2,2,2,2
2,1982,1,18,423,,5,2,4,5,3,2,1,3,1100,0,0,20,900,1,2,1,2,2,2,2,1
2,1967,1,35,404,1,5,2,5,2,3,1,98,1,1700,100,100,39,1500,1,2,1,2,2,2,2,1
1,1969,1,34,604,2,5,2,5,2,3,1,1,3,2500,50,100,39,1550,2,2,2,2,2,2,2,1
1,1971,1,29,460,2,6,2,5,1,3,3,1,7,1900,0,0,50,1900,1,2,1,2,2,2,2,2
1,1981,1,22,314,2,3,3,3,7,3,2,1,4,1600,0,100,25,850,2,2,2,2,2,2,2,2
2,1993,1,13,271,1,4,,5,3,5,0,98,4,2300,0,0,30,600,2,2,2,2,2,2,2,1
2,1970,1,31,201,2,6,1,5,11,3,0,2,2,2700,200,200,42,1600,2,2,2,2,2,2,2,1
1,1986,1,12,423,1,4,,5,6,5,0,98,1,600,0,0,24,600,2,2,2,2,2,2,2,2
1,1971,1,27,272,2,2,3,4,1,3,2,3,4,1800,0,100,40,1500,1,1,1,2,2,2,2,1
2,1989,1,20,517,1,3,3,4,2,5,0,1,2,1800,100,100,10,300,1,2,1,2,2,2,2,1
1,1986,1,22,201,1,5,3,5,1,4,1,1,6,2500,0,150,50,1500,1,1,2,2,2,2,2,2
2,1974,1,31,436,2,6,2,5,1,3,2,1,4,2700,100,150,39,1250,1,2,1,2,2,2,2,1
2,1963,1,47,514,,3,3,4,2,4,2,1,2,1200,0,100,18,650,1,2,1,2,2,2,2,1
1,1991,1,18,305,2,5,,3,8,4,1,1,1,1300,250,250,40,1300,1,2,2,2,2,2,2,2
1,1986,1,25,344,1,5,3,4,1,5,0,98,1,800,50,50,50,800,2,2,2,2,2,2,2,2
2,1984,1,24,443,1,5,3,4,5,4,0,3,2,1800,100,100,42,600,1,2,2,2,2,2,2,1
1,1989,1,19,344,1,4,3,4,1,5,0,98,1,850,150,150,40,800,2,2,2,2,2,2,2,2
2,1948,1,60,608,1,5,2,4,6,4,1,98,1,620,100,100,30,620,1,2,2,2,2,2,2,1
2,1983,1,29,311,2,3,3,4,2,4,0,1,1,1000,200,200,54,1000,2,2,2,2,2,2,2,2
2,1981,1,26,243,4,5,3,5,3,4,1,98,2,850,0,0,30,850,2,2,2,2,2,2,2,1
1,1990,1,4,252,1,5,,5,1,4,0,98,5,2500,0,100,10,400,2,2,2,2,2,2,2,2
1,1995,1,10,419,1,4,,5,1,4,0,98,5,3000,0,250,39,950,2,2,2,2,2,2,2,2
1,1967,1,30,450,2,5,3,4,1,5,3,1,5,2000,0,50,25,850,1,2,2,2,2,2,2,2
1,1975,1,22,450,2,5,2,4,1,4,3,1,1,850,150,150,50,850,2,2,2,2,2,2,2,2
1,1992,1,9,272,1,4,,5,1,4,0,98,1,1300,250,250,35,1300,1,1,2,2,2,2,2,2
2,1972,1,26,436,2,5,3,3,1,1,1,1,1,1000,0,0,45,1000,1,2,2,2,2,2,2,1
2,1986,1,19,460,2,3,1,4,1,3,3,1,5,700,0,0,18,700,1,2,1,2,2,2,2,1
1,1962,1,24,460,2,3,1,3,1,3,4,1,6,600,0,0,55,600,1,2,2,2,2,2,2,1
1,1983,1,18,235,2,3,3,4,3,2,0,1,2,1500,0,0,50,1500,1,2,1,2,2,2,2,1
1,1979,1,24,419,2,5,2,5,1,4,1,1,1,1500,500,500,40,1500,2,2,2,2,2,2,2,1
2,1953,1,47,243,2,4,2,3,2,3,2,1,1,900,0,0,54,900,1,1,2,2,1,2,2,1
1,1954,1,36,450,2,3,2,5,1,4,3,1,1,100,50,50,42,100,2,1,2,2,2,2,2,1
1,1967,1,31,235,2,5,1,5,11,2,2,1,3,1800,50,300,54,1500,1,2,2,2,2,2,2,1
2,1985,1,25,605,4,5,2,4,11,1,0,98,1,1800,500,500,60,1800,1,2,1,1,2,2,2,1
1,1978,1,22,235,2,5,3,5,6,2,5,1,7,1800,0,0,45,1800,1,2,2,2,2,2,2,1
2,1985,1,20,235,2,5,4,5,3,2,1,1,3,2400,0,0,25,700,1,2,1,1,2,2,2,1
2,1964,1,37,201,2,6,3,4,11,3,2,1,4,1300,0,0,16,400,1,2,2,2,2,2,2,1
1,1992,1,11,615,1,3,3,4,2,3,0,98,1,1100,0,0,45,1100,1,2,1,2,2,2,2,1
1,1984,1,24,436,2,6,1,4,1,3,0,1,2,1400,0,0,48,1400,1,2,2,2,2,2,2,1
1,1986,1,20,436,2,2,2,3,1,3,1,1,3,1000,0,0,45,1000,1,1,2,2,2,2,2,2
2,1960,1,35,271,4,4,1,5,10,3,3,98,3,2500,50,50,45,1600,1,2,1,1,2,2,2,1
1,1985,1,20,436,2,5,2,3,1,4,1,1,3,900,0,0,36,900,1,1,1,1,2,2,2,1
1,1986,1,14,423,2,5,1,5,11,3,1,2,3,2800,100,100,40,1500,1,1,2,2,2,2,2,2
1,1989,1,22,351,1,5,3,4,1,4,0,98,1,1600,0,0,40,1600,2,2,2,2,2,2,2,2
2,1978,1,28,314,2,3,2,2,7,5,2,1,4,2900,200,400,50,1300,1,1,2,2,2,2,2,2
1,1970,1,25,330,2,6,2,5,9,1,1,1,3,1000,0,0,30,1000,1,2,1,2,2,2,2,1
1,1955,1,41,201,2,3,3,5,11,3,3,1,3,2000,0,0,58,2000,1,2,2,2,2,2,2,1
1,1982,1,15,201,2,3,2,5,1,3,3,1,5,2000,30,30,60,1800,2,2,2,2,2,2,2,1
1,1980,1,24,314,2,5,3,5,5,3,2,1,6,3000,100,100,45,2000,1,1,2,2,1,2,2,1
1,1981,1,26,201,2,3,2,5,1,4,1,1,3,1200,0,0,40,1200,1,2,2,2,2,2,2,1
1,1965,1,24,460,1,3,3,4,1,4,0,98,1,800,0,0,40,800,2,2,2,2,2,2,2,2
1,1963,1,29,201,2,3,1,5,2,3,2,1,4,3000,50,50,45,2000,1,1,1,2,2,2,2,1
1,1967,1,23,436,2,3,2,5,1,4,3,1,5,1200,0,0,25,1000,1,1,1,2,2,2,2,1
2,1977,1,27,615,2,5,1,5,2,3,2,1,4,2400,400,500,40,1500,1,2,1,1,2,2,2,1
2,1974,1,29,615,4,6,1,5,2,3,1,98,2,2500,200,200,50,2000,1,2,1,2,2,2,2,2
2,1975,1,27,615,4,5,3,3,2,3,0,1,2,2000,300,600,45,900,1,2,1,1,2,2,2,1
1,1989,1,24,301,1,3,3,3,1,4,0,98,1,500,100,100,30,500,1,2,2,1,2,2,2,2
1,1993,1,21,301,1,2,3,3,1,4,0,98,1,500,0,0,30,500,1,2,2,2,2,2,2,2
1,1979,1,29,436,2,5,3,4,1,3,1,1,3,900,0,0,37,900,1,2,2,2,2,2,2,1
1,1960,1,32,436,2,5,2,4,1,1,4,1,6,2000,0,0,40,2000,1,2,1,2,2,2,2,1
2,1972,1,26,436,2,3,3,3,1,3,2,1,4,700,0,0,20,700,1,1,1,2,1,2,2,1
1,1986,1,21,419,2,4,3,3,1,1,4,1,6,1000,0,0,84,1000,1,2,1,2,2,2,2,2
1,1982,1,13,201,2,5,,5,3,3,1,2,3,2500,0,0,40,1350,1,1,1,2,2,2,2,2
1,1975,1,29,314,2,3,2,3,11,3,2,1,2,3000,0,250,70,1500,1,2,2,2,2,2,2,2
2,1990,1,13,514,2,5,,5,2,1,1,2,3,2500,0,0,20,650,1,2,1,2,2,2,2,2
1,1980,1,24,330,2,5,4,4,9,3,3,1,7,1800,0,50,45,1500,1,2,2,2,2,2,2,2
2,1970,1,38,314,2,3,2,2,5,4,3,1,5,5500,200,350,60,2000,1,1,1,2,2,2,1,1
2,1981,1,26,314,2,3,2,1,7,4,2,1,2,3000,200,1000,60,1500,1,2,2,2,2,2,2,2
1,1995,1,16,419,1,4,,5,3,4,0,2,1,900,100,100,50,900,1,1,2,2,2,2,2,2
2,1984,1,21,235,2,3,3,3,3,2,1,1,3,2500,50,150,50,1200,2,2,2,1,2,2,2,2
2,1978,1,23,443,4,3,2,4,2,1,1,98,2,500,50,50,20,500,1,2,2,2,2,2,2,2
1,1967,1,31,436,2,3,4,3,1,3,3,1,5,1300,0,0,60,1300,1,1,1,2,2,2,2,2
1,1983,1,23,436,2,3,3,3,1,3,2,1,1,1000,0,0,60,1000,1,2,2,2,2,2,2,1
1,1979,1,34,411,2,6,2,3,10,5,0,1,1,600,100,100,25,600,1,2,2,2,2,2,2,2
2,1969,1,38,323,1,5,3,4,6,5,0,98,1,900,200,200,70,900,2,2,2,2,2,2,2,2
1,1980,1,27,344,2,3,4,3,1,4,1,1,1,1600,300,300,50,1600,2,2,2,2,2,2,2,2
1,1970,1,27,436,2,3,4,3,1,3,3,1,5,1200,0,0,40,1200,1,2,1,2,1,2,2,1
2,1973,1,22,436,2,5,2,5,1,3,3,1,5,1400,200,200,40,1400,1,2,2,2,2,2,2,1
2,1979,1,24,249,2,6,3,5,3,1,2,1,4,2500,0,0,5,250,1,1,1,1,1,2,2,1
1,1978,1,26,314,2,3,2,2,7,3,2,1,2,2500,400,500,40,1250,1,1,2,2,2,2,2,2
1,1980,1,19,301,2,1,,3,1,1,3,1,5,2500,300,300,50,2500,1,1,1,2,2,2,2,2
1,1991,1,0,409,1,4,,5,1,1,0,98,5,2100,300,600,46,1100,2,2,2,2,2,2,2,2
1,1998,1,12,424,2,4,1,4,1,4,0,2,2,1600,100,100,25,600,2,2,2,2,2,2,2,2
1,1990,1,13,201,2,4,,4,1,2,1,1,4,2300,300,300,40,1300,2,2,2,2,2,2,2,2
1,1965,1,34,201,2,2,1,3,1,2,1,1,3,2300,300,300,40,1000,2,1,2,2,2,2,2,2
1,1985,1,21,463,2,1,,3,1,3,1,1,4,1300,0,0,40,1300,2,2,2,2,2,2,2,2
2,1972,1,21,516,4,3,1,5,2,3,4,98,3,1500,50,50,45,1500,1,2,2,2,2,2,2,2
1,1984,1,6,436,2,4,1,5,1,1,2,1,4,2400,0,0,48,1200,1,2,2,2,2,2,2,1
2,1969,1,23,330,4,3,3,4,11,3,2,98,3,2000,0,0,47,2000,1,1,2,2,2,2,2,1
1,1985,1,14,419,1,4,1,5,1,3,0,98,1,1800,50,50,40,1800,1,2,2,2,2,2,2,1
1,1980,1,20,401,2,5,1,4,1,3,3,1,5,1500,100,100,45,1500,1,2,2,2,2,2,2,2
2,1980,1,21,243,1,3,3,3,11,3,0,98,1,1000,0,0,50,1000,1,2,2,2,2,2,2,1
2,1995,1,11,243,1,5,,5,3,1,0,98,4,5000,0,0,18,500,1,2,2,2,2,2,2,1
1,1989,1,26,332,2,3,2,2,1,6,1,3,1,300,100,100,15,300,2,2,2,2,2,2,1,2
1,1994,1,10,419,1,4,,5,1,1,0,98,5,3000,0,50,30,800,2,1,2,2,2,2,2,2
1,1990,1,13,518,1,3,1,4,1,3,0,98,1,1300,0,0,45,1300,2,2,2,2,2,2,2,2
2,1991,1,10,615,1,5,,5,5,1,0,98,4,3500,0,50,40,1000,1,2,2,2,2,2,2,1
1,1975,1,33,351,2,3,1,5,1,3,2,1,4,2000,100,100,50,2000,2,2,2,2,2,2,2,2
1,1968,1,27,253,2,3,1,5,1,3,3,1,5,2000,100,100,45,2000,1,2,2,2,2,2,2,2
1,1959,1,31,201,4,6,1,5,11,1,0,98,1,550,0,0,18,550,1,1,1,2,1,2,1,2
1,1977,1,22,458,2,3,2,5,2,1,2,1,4,2000,100,100,40,1200,1,1,1,2,1,2,1,2
1,1977,1,23,272,2,3,3,4,1,3,3,1,5,1450,0,0,45,1450,1,1,1,2,1,2,1,2
1,1974,1,28,436,2,4,2,5,1,3,2,1,4,1100,0,0,40,1100,1,1,1,2,1,2,1,2
1,1976,1,23,460,4,2,4,4,1,3,2,3,1,1300,0,0,25,1300,1,1,1,1,1,2,2,2
1,1979,1,23,311,2,6,2,5,9,3,2,1,4,2100,100,100,50,2100,1,1,1,1,1,2,2,2
2,1983,1,22,609,2,3,1,5,5,1,2,1,5,3000,0,0,36,1000,1,2,2,2,2,2,2,1
1,1982,1,29,201,2,3,4,4,1,4,1,1,3,2000,50,50,50,2000,2,2,2,2,2,2,2,2
1,1975,1,24,460,2,6,1,5,1,3,3,1,5,2300,100,100,42,2300,1,2,2,2,2,2,2,1
1,1993,1,21,314,1,3,3,3,11,4,0,98,1,900,0,0,50,900,2,2,2,2,2,2,2,2
2,1991,1,16,272,2,5,,5,1,3,1,1,3,2000,0,50,45,1000,1,2,2,2,2,2,2,1
1,1972,1,28,323,2,4,1,5,8,3,2,1,4,3000,50,50,45,1200,1,1,2,2,2,2,2,1
2,1987,1,11,411,2,5,,5,2,1,2,1,4,2300,50,100,45,1200,1,1,2,2,2,2,2,2
1,1973,1,32,455,2,3,1,5,1,4,1,1,3,2000,400,400,40,2000,1,2,2,2,2,2,2,2
1,1985,1,18,419,2,5,2,4,1,5,2,1,4,1150,50,50,37,1150,2,2,2,2,2,2,2,2
2,1985,1,25,436,2,6,1,5,1,4,0,1,1,1500,0,0,40,1500,1,2,1,1,1,2,2,1
1,1990,1,17,436,2,5,3,4,1,3,2,1,1,1200,0,0,48,1200,1,2,2,2,2,2,2,2
1,1980,1,18,330,2,6,,5,8,1,2,1,4,2800,50,50,40,1800,1,2,2,2,2,2,2,1
1,1972,1,28,419,2,6,1,4,1,3,2,1,5,1500,0,0,48,1500,1,2,1,2,2,2,2,1
1,1974,1,33,419,2,6,1,4,1,3,1,1,1,1200,0,350,40,1200,1,2,1,2,2,2,2,1
1,1968,1,30,305,2,5,2,4,1,3,3,1,5,1800,0,0,48,1800,1,2,1,2,2,2,2,1
2,1983,1,22,443,2,3,3,4,2,3,0,2,2,2000,0,0,40,900,1,2,1,2,2,2,2,1
1,1988,1,19,418,1,1,,3,1,7,0,98,1,300,0,0,36,300,2,2,2,2,2,2,2,2
2,1964,1,22,615,4,5,2,4,2,1,2,98,3,1500,0,0,20,900,1,2,1,2,2,2,2,1
1,1972,1,27,419,2,5,3,4,4,1,2,1,4,1500,0,0,40,1500,1,2,1,2,2,2,2,1
1,1970,1,30,419,2,4,,3,1,3,3,1,1,1385,0,600,40,1385,1,2,2,2,2,2,2,2
2,1957,1,41,243,2,2,3,4,3,4,3,1,7,4300,0,0,48,900,1,2,2,2,2,2,2,1
2,1994,2,,436,1,5,2,5,1,1,0,98,7,2000,0,0,20,400,1,2,1,2,2,2,2,1
1,1984,1,21,436,1,3,3,4,1,3,0,2,2,2600,0,100,45,1400,1,1,1,2,1,2,2,1
1,1990,1,14,201,1,5,1,5,11,3,0,98,1,1500,0,0,40,1500,1,2,1,2,2,2,2,1
1,1983,1,23,604,2,5,2,4,2,4,1,1,2,1600,0,150,35,800,1,2,2,2,2,2,2,1
2,1991,1,24,604,1,5,2,2,2,8,0,98,1,600,0,100,30,600,2,2,2,2,2,2,2,2
1,1982,1,25,344,2,4,3,4,1,4,1,1,2,1300,0,100,40,1000,1,2,2,2,2,2,2,2
1,1981,1,29,344,2,,,4,1,3,1,1,3,1200,0,0,35,1200,1,1,2,2,2,2,2,2
2,1983,1,26,235,1,6,2,4,3,2,2,3,4,2000,0,150,44,1250,1,1,2,2,2,2,2,2
2,1982,1,29,311,2,5,2,3,2,3,0,1,2,2200,0,300,40,1000,1,1,1,1,2,2,2,1
1,1986,1,28,311,1,5,2,2,2,4,0,98,1,1000,0,400,40,1000,1,2,1,2,2,2,2,2
1,1984,1,17,344,2,5,2,4,1,3,3,1,5,1400,0,400,40,1400,1,2,1,2,2,2,2,1
1,1967,1,39,419,2,1,,3,1,3,2,1,4,2000,0,0,40,2000,1,2,2,2,2,2,2,1
1,1984,1,21,419,2,2,,3,1,3,2,1,4,1500,0,0,40,1500,1,2,2,2,2,2,2,1
2,1987,1,23,404,1,1,,2,2,4,0,98,1,400,0,0,10,400,1,2,2,2,2,2,2,1
1,1980,1,31,443,1,1,,2,1,4,0,98,1,600,0,0,20,600,1,2,2,2,2,2,2,1
1,1981,1,23,411,2,2,1,3,1,3,1,2,3,2500,0,0,30,1200,1,1,2,2,2,2,2,1
2,1982,1,21,458,1,2,1,3,2,3,0,1,2,2000,0,0,40,1500,1,1,2,2,2,2,2,1
1,1966,1,35,411,1,3,1,3,2,3,0,98,1,800,0,0,48,800,1,1,2,2,2,2,2,1
1,1976,1,33,404,2,2,1,3,1,3,2,1,2,1200,0,0,40,1200,1,1,2,2,2,2,2,1
2,1991,1,24,450,1,3,1,4,2,4,0,98,1,500,0,0,10,500,1,2,2,2,2,2,2,1
2,1989,1,15,609,2,3,1,4,2,4,2,1,4,2500,0,200,40,1800,1,1,1,1,1,2,2,1
1,1977,1,26,404,2,6,1,4,2,3,1,1,1,1500,300,300,50,1500,1,1,2,2,2,2,2,2
2,1994,1,20,436,1,5,,3,1,4,0,98,4,1500,0,0,22,500,2,2,2,2,2,2,2,2
1,1950,1,49,460,2,3,4,4,1,3,4,1,5,1000,100,100,30,1000,1,2,2,2,2,2,2,2
2,1977,1,23,615,2,5,1,5,2,3,2,1,5,2000,100,100,36,980,1,2,2,2,2,2,2,1
1,1965,1,35,460,2,5,,4,1,4,1,1,3,1200,100,100,30,1000,1,2,2,2,2,2,2,2
1,1970,1,44,443,2,4,3,4,2,6,3,1,1,800,200,200,20,800,2,2,2,2,2,2,1,2
2,1978,1,24,615,1,4,3,3,2,3,0,98,1,1100,0,0,40,1100,2,2,2,2,2,2,2,2
2,1966,1,34,615,2,5,1,4,2,3,2,1,4,2200,0,0,35,1100,2,2,2,2,2,2,2,2
1,1984,1,23,436,1,5,3,4,1,3,0,98,1,900,0,0,30,900,2,2,2,2,2,2,2,2
1,1973,1,28,466,2,5,1,4,1,1,1,2,3,3000,0,300,30,1000,2,2,2,2,2,2,2,2
2,1952,1,48,608,4,3,4,5,2,3,1,98,1,1000,200,200,50,1000,2,2,2,2,2,2,2,2
2,1990,1,14,609,2,4,2,2,5,3,3,1,4,1800,200,200,28,1200,1,2,2,2,2,2,2,1
1,1975,1,25,450,2,6,1,5,1,3,2,1,4,2400,0,100,40,1300,1,2,2,2,2,2,2,2
1,1982,1,15,436,1,3,1,4,1,3,0,98,1,1800,0,300,40,1800,1,2,2,2,2,2,2,2
1,1973,1,21,330,2,1,,4,1,3,3,1,5,2300,0,0,60,2300,1,1,1,2,2,2,2,1
1,1990,1,18,254,1,5,2,4,2,3,0,98,1,1100,0,0,40,1100,1,2,2,2,2,2,2,2
1,1993,2,,436,1,5,,5,1,1,0,98,4,1300,0,0,15,300,1,1,2,2,2,2,2,2
1,1980,1,27,235,1,5,2,4,2,2,0,98,1,800,0,0,55,800,1,1,2,2,2,2,2,2
1,1985,1,20,235,2,5,2,4,2,2,1,1,3,1600,0,0,40,1400,1,2,2,2,2,2,2,2
2,1996,2,,615,1,5,,5,2,3,0,98,5,2000,0,0,20,200,1,1,2,2,2,2,2,2
2,1983,1,21,402,2,5,2,4,2,3,2,1,4,2000,0,0,20,600,1,1,1,2,2,2,2,1
1,1959,1,31,201,2,5,2,5,1,3,3,1,5,1800,0,0,40,1800,1,1,2,2,2,2,2,1
1,1961,1,38,436,2,3,2,4,1,1,4,1,6,1900,0,0,40,1800,1,2,2,2,2,2,2,1
2,1983,1,23,436,2,5,2,3,1,4,2,1,4,780,0,0,30,780,1,2,2,2,2,2,2,2
1,1986,1,14,450,1,3,2,3,1,4,0,98,1,600,0,0,40,600,2,1,2,2,2,2,2,2
1,1975,1,28,344,2,3,2,3,1,3,3,1,5,1200,0,0,40,800,1,2,2,2,2,2,2,2
1,1970,1,31,314,2,5,,3,7,3,2,1,4,1700,0,0,40,1000,1,2,2,2,2,2,2,1
2,1973,1,27,436,3,3,2,4,1,1,2,98,3,800,0,0,30,800,1,1,2,2,2,2,2,1
2,1983,1,27,235,2,5,2,3,2,2,1,1,1,1000,400,400,50,1000,1,1,2,2,2,2,2,2
1,1978,1,20,436,2,3,2,4,1,3,3,1,5,1200,0,0,40,1200,1,2,2,2,2,2,2,2
2,1980,1,21,404,2,6,,5,2,3,1,2,3,2500,0,0,30,700,1,1,2,1,2,2,2,1
2,1975,1,23,323,2,4,2,5,1,3,2,2,4,2200,0,0,30,700,1,1,1,2,2,2,2,1
1,1995,1,2,608,1,5,,5,11,3,0,98,4,1600,0,0,10,200,1,1,2,2,2,2,2,2
2,1994,2,,419,1,5,,5,1,3,0,98,5,1700,0,0,15,300,1,1,2,2,2,2,2,1
1,1980,1,23,305,2,3,,5,1,3,2,1,4,1400,0,0,40,1400,1,1,2,2,1,2,2,1
1,1990,2,,605,1,6,,5,2,1,0,98,1,1300,0,0,30,1300,1,1,1,2,2,2,2,2
1,1979,1,22,450,2,5,2,4,1,3,3,1,1,1000,0,0,40,1000,1,1,2,2,2,2,2,2
2,1959,1,30,605,2,6,2,5,2,1,2,2,2,1500,0,0,35,500,1,1,1,2,1,2,2,1
2,1995,1,4,330,1,5,,5,9,3,0,98,6,2100,0,0,15,300,1,1,1,2,2,2,2,1
2,1982,1,27,243,2,3,2,3,2,5,0,1,1,950,0,0,48,950,1,2,2,2,2,2,2,1
1,1978,1,19,436,2,5,,5,1,3,3,1,5,1850,0,0,40,900,1,2,1,2,2,2,2,2
1,1990,2,,423,1,5,,5,2,3,0,98,5,1600,0,0,10,400,1,1,2,2,2,2,2,2
2,1981,1,25,233,4,5,2,4,2,2,0,98,1,1000,0,0,50,1000,1,1,2,2,2,2,2,2
1,1978,1,22,314,2,5,2,5,7,3,2,1,4,2000,0,0,40,1800,1,2,2,2,2,2,2,1
1,1960,1,30,436,3,3,2,4,1,1,5,98,3,1600,0,0,48,1600,1,2,2,2,2,2,2,1
1,1995,2,,428,1,5,,5,2,3,0,98,5,1700,0,0,20,400,1,1,2,2,2,2,2,2
2,1975,1,,514,2,5,2,5,2,3,2,2,4,1900,0,0,48,1900,1,1,1,2,2,2,2,1
1,1976,1,28,419,2,5,,5,1,3,3,1,5,1500,0,0,40,1500,1,1,2,2,2,2,2,1
1,1996,2,,443,1,5,,5,2,3,0,98,5,1800,0,0,15,140,2,2,2,2,2,2,2,2
2,1995,2,,436,1,5,,5,1,1,0,98,6,1900,0,0,4,150,1,2,2,2,2,2,2,1
1,1955,1,53,243,3,3,2,3,2,4,2,98,1,900,0,0,50,900,1,1,1,2,2,2,2,1
1,1981,1,19,609,1,5,2,5,2,3,0,98,1,1200,0,0,40,1200,1,2,2,2,2,2,2,2
2,1974,1,29,436,3,3,2,3,1,3,2,98,3,900,0,0,50,900,1,2,2,2,2,2,2,1
2,1976,1,28,233,4,5,4,5,2,2,2,98,3,1300,0,0,45,1300,1,2,2,2,2,2,2,1
1,1995,1,7,201,1,5,,5,1,3,0,98,3,1200,0,0,15,200,1,1,2,2,2,2,2,2
1,1979,1,22,235,2,5,3,4,3,2,3,1,5,1700,0,0,48,1700,1,2,2,2,2,2,2,2
2,1981,1,25,235,4,5,4,5,2,2,2,98,3,1700,0,0,30,1200,1,1,2,2,2,2,2,1
1,1970,1,29,460,2,5,2,4,1,3,3,1,5,2000,0,0,40,2000,1,2,2,2,2,2,2,2
1,1972,1,20,460,2,3,2,5,1,3,3,1,1,1200,0,300,40,1200,1,1,2,2,2,2,2,2
2,1995,1,0,419,1,5,,5,1,1,0,98,3,1800,0,150,40,900,1,2,1,2,2,2,2,1
2,1991,2,,233,1,5,,5,3,1,0,98,2,1500,0,0,40,1000,1,1,2,2,2,2,2,2
2,1991,1,2,602,1,4,,5,11,3,0,98,3,2900,0,0,40,900,1,2,2,2,2,2,2,1
2,1993,1,14,235,4,99,99,5,3,2,0,98,3,3000,0,0,70,1000,1,1,1,1,1,2,2,1
2,1979,1,23,314,2,2,3,4,11,4,0,1,3,2200,0,0,56,1000,1,2,1,2,2,2,2,1
1,1962,1,42,344,2,3,2,5,1,3,1,1,2,1600,350,350,45,1600,2,2,2,2,2,2,2,2
1,1962,1,36,271,2,3,1,5,3,3,1,1,3,1900,0,0,40,900,1,2,1,2,2,2,2,2
1,1978,1,23,243,1,3,1,5,11,1,0,98,2,3000,0,0,40,2000,2,2,2,2,2,2,2,1
1,1980,1,16,423,2,3,2,4,5,3,2,1,3,2600,220,220,40,1100,1,1,1,2,2,2,2,1
2,1983,1,23,428,2,3,2,4,5,1,1,2,3,2600,200,200,20,800,1,2,1,1,2,1,2,1
1,1991,1,3,411,1,4,,5,6,1,0,98,2,1200,0,0,40,1000,1,1,1,2,2,2,2,1
2,1983,1,27,201,2,3,2,4,2,4,0,1,3,3200,0,0,24,600,2,1,1,1,2,2,2,1
2,1988,1,20,235,4,4,1,4,4,2,0,1,2,2800,800,800,40,1400,1,1,2,2,2,2,2,1
1,1969,1,40,460,2,4,2,4,1,4,1,1,2,1100,250,250,48,850,2,2,2,2,2,2,2,2
1,1976,1,25,436,2,3,2,4,1,3,1,1,3,1200,0,0,40,1200,1,1,1,1,2,2,2,1
1,1965,1,31,436,2,3,2,5,1,1,2,1,3,3000,1000,1000,48,1250,1,1,1,2,2,2,2,1
1,1990,1,,253,1,5,,5,1,1,0,98,2,2800,300,300,40,1200,1,2,2,2,2,2,2,1
1,1991,1,3,404,1,4,,5,11,1,0,98,2,1600,0,0,36,600,2,1,2,2,2,2,2,2
2,1995,1,13,209,1,4,3,5,3,2,0,98,1,1200,200,200,48,1200,1,2,1,1,2,2,2,1
2,1981,1,22,605,1,3,2,4,2,3,0,98,1,1200,300,300,48,1200,1,1,1,1,1,2,2,1
1,1965,1,33,436,3,1,,4,1,3,0,98,1,1000,0,0,48,1000,1,2,1,2,2,2,2,1
1,1992,2,,330,1,4,,5,9,1,0,98,3,2400,0,0,40,1200,1,1,1,1,2,2,2,2
1,1972,1,35,344,2,3,2,4,1,4,0,1,2,1600,200,200,40,1200,1,2,1,1,2,2,2,1
1,1986,1,15,235,1,4,1,5,3,2,0,98,3,1800,0,0,48,1000,2,2,2,2,2,2,2,2
1,1987,1,17,450,1,3,,5,1,3,0,98,2,1600,0,0,40,800,1,2,2,2,2,2,2,2
2,1974,1,35,235,2,4,1,4,2,2,1,1,2,1600,250,250,48,1000,2,2,2,2,2,2,2,2
1,1993,1,6,272,1,3,,5,1,1,0,98,3,2200,200,200,46,900,1,2,2,2,2,2,2,2
1,1971,1,18,450,2,3,2,5,1,3,1,2,3,2100,250,250,40,950,1,1,1,1,1,2,2,1
1,1992,1,3,436,1,4,,5,1,1,0,98,2,1600,100,100,40,1000,1,2,1,2,2,2,2,1
1,1968,1,29,435,2,4,2,4,1,3,2,1,4,2300,350,350,40,950,1,1,1,2,1,2,2,1
1,1987,1,19,201,2,3,3,4,3,4,0,3,2,1900,0,0,40,1100,2,1,1,1,2,2,2,2
1,1993,1,10,344,2,2,2,4,1,4,0,1,2,900,150,150,48,650,2,1,1,2,2,2,2,2
1,1988,1,12,460,1,4,,5,1,3,0,98,2,1950,250,250,40,1350,2,2,2,2,2,2,2,2
2,1986,1,11,419,1,3,,5,1,3,0,98,2,950,0,0,40,950,1,2,1,2,2,2,2,1
2,1972,1,28,608,2,3,2,4,2,3,0,1,1,900,250,250,48,900,1,2,2,2,2,2,2,1
1,1996,2,,423,1,4,,5,5,1,0,98,3,2300,0,0,48,900,1,2,1,1,2,2,2,1
1,1991,1,18,314,1,3,3,3,11,4,0,98,3,2200,0,0,40,800,2,1,1,2,2,2,2,2
2,1968,1,27,436,2,4,2,5,1,1,2,1,3,2800,800,800,48,2000,1,2,1,1,2,2,2,1
1,1996,1,10,330,1,3,,5,8,3,0,98,4,3200,350,350,40,1100,2,1,2,2,2,2,2,1
2,1992,1,19,235,1,4,3,5,3,2,0,98,2,1650,150,150,40,1000,1,1,1,1,2,2,2,2
1,1974,1,22,436,2,3,2,5,1,1,2,1,4,1800,0,0,40,1100,1,2,1,2,2,2,2,1
1,1968,1,38,330,2,2,3,3,8,4,2,1,1,1200,600,600,40,1200,1,1,2,2,2,2,2,2
1,1989,1,17,330,1,3,2,4,7,3,0,98,2,800,0,0,30,600,1,2,2,2,2,2,2,2
1,1993,1,3,419,1,5,,5,1,1,0,98,3,1950,350,350,40,950,1,1,1,1,1,2,2,1
2,1985,1,25,516,4,3,2,4,2,4,1,2,2,1300,150,150,40,1300,1,1,1,2,1,2,2,1
1,1974,1,31,305,2,2,2,3,1,5,1,1,3,2150,250,250,48,2150,1,2,2,2,2,2,2,2
1,1995,2,,330,1,4,,5,8,1,0,98,4,2100,250,250,40,950,1,1,1,1,2,2,2,2
1,1987,1,20,314,1,6,1,4,5,4,0,98,1,700,0,0,15,700,2,2,2,2,2,2,2,2
2,1981,1,20,314,2,3,3,3,5,3,2,1,4,1000,0,0,30,400,1,2,2,2,2,2,2,2
2,1983,1,20,314,4,5,2,3,11,3,1,98,1,860,0,0,40,860,1,2,2,2,2,2,2,2
2,1976,1,28,314,2,2,3,1,11,5,2,1,4,1400,0,0,40,800,2,2,2,2,2,2,2,2
2,1983,1,23,314,1,5,3,3,11,4,3,1,4,2000,0,600,50,1000,1,2,2,2,2,2,2,2
1,1975,1,23,314,2,3,2,2,11,3,3,1,4,1800,0,600,48,1100,2,1,2,2,2,2,2,2
2,1979,1,24,314,2,3,2,3,11,3,2,1,4,1800,0,0,40,1100,1,1,1,2,2,2,2,2
2,1973,1,27,527,1,6,1,5,11,1,0,98,1,800,0,0,30,800,1,2,1,2,2,2,2,1
2,1974,1,29,320,4,6,1,5,7,1,0,98,1,600,0,0,10,600,1,2,2,2,2,2,2,2
2,1960,1,52,243,3,5,3,3,2,4,2,98,1,1300,1000,1000,48,1300,1,2,1,2,2,2,2,1
1,1978,1,26,314,2,3,3,1,7,4,0,1,2,2200,300,300,70,900,1,2,1,1,2,2,2,2
1,1995,1,14,314,1,4,1,5,11,4,0,98,1,1100,0,0,30,1100,2,2,2,2,2,2,2,2
1,1986,1,27,244,2,5,1,4,2,2,1,1,3,1600,0,0,45,1600,1,2,2,2,2,2,2,2
2,1974,1,32,314,2,5,3,3,11,4,1,2,2,1600,500,500,48,1150,2,2,2,2,2,2,2,2
1,1973,1,26,305,2,3,4,3,1,4,2,1,4,1100,50,50,40,1100,1,2,2,2,2,2,2,2
1,1968,1,23,348,2,6,,5,4,1,1,2,3,4600,600,600,48,2400,2,2,2,1,2,2,2,1
1,1989,1,26,301,2,3,2,2,1,4,2,1,1,600,300,300,65,600,1,2,2,2,2,2,2,2
1,1982,1,25,351,2,4,4,4,1,3,1,1,3,2000,200,200,60,2000,1,2,1,2,2,2,2,2
1,1976,1,30,404,2,3,3,4,2,3,2,1,1,600,200,200,30,600,2,2,2,2,2,2,2,2
2,1980,1,26,609,2,3,2,4,2,3,2,3,4,1600,0,0,55,800,1,1,1,2,1,2,2,1
1,1975,1,27,235,2,3,2,5,3,2,1,1,3,1600,0,0,45,1600,2,2,2,2,2,2,2,2
2,1980,1,25,619,2,5,2,5,2,3,2,2,4,1800,0,0,45,1200,1,2,1,2,2,2,2,1
2,1976,1,24,245,2,6,2,5,3,1,1,1,3,2500,0,0,40,1000,1,2,2,2,2,2,2,1
1,1972,1,26,419,2,6,2,4,1,1,2,1,4,2000,300,300,60,2000,1,2,1,2,1,2,2,2
1,1970,1,29,450,2,4,2,4,1,3,2,1,6,2200,0,200,30,1000,2,2,2,2,2,2,2,2
1,1972,1,29,436,2,5,2,4,1,3,1,1,3,1100,0,0,40,1100,1,2,2,2,2,2,2,2
2,1968,1,29,609,2,2,3,4,2,3,2,1,4,1800,0,0,30,700,1,2,1,2,2,2,2,2
2,1975,2,,209,2,3,2,5,11,2,1,1,3,1300,0,200,26,500,1,1,1,2,2,2,2,2
1,1982,1,17,517,1,3,2,4,2,3,2,1,2,2100,0,200,60,1100,1,1,2,2,2,2,2,2
2,1979,1,27,245,2,6,1,5,3,1,2,2,5,3700,0,0,40,1200,1,2,1,2,2,2,2,1
1,1980,1,24,323,2,3,3,3,10,3,1,1,3,1000,0,100,45,600,1,2,1,2,2,2,2,2
1,1990,1,16,235,2,5,1,5,3,2,0,1,2,1300,0,0,30,800,1,1,2,2,2,2,2,1
2,1985,1,28,314,2,3,2,2,7,4,1,1,2,3000,1000,1000,54,1300,1,2,2,2,2,2,2,2
2,1984,1,29,314,2,2,2,2,7,4,2,1,2,3000,300,300,56,1200,1,2,1,2,1,2,2,2
1,1985,1,21,314,2,3,2,3,11,3,2,1,6,4000,0,0,56,2000,1,1,2,2,2,2,2,2
1,1982,1,27,314,2,3,2,1,7,4,1,1,1,600,0,0,60,600,2,2,2,2,2,2,2,2
1,1995,1,17,314,1,5,2,2,5,4,0,98,1,1000,0,0,54,1000,1,2,2,2,2,2,2,2
2,1984,1,19,314,2,3,2,2,7,4,2,1,4,1800,0,0,50,800,2,2,1,2,2,2,2,2
1,1972,1,40,314,2,3,2,2,11,4,1,1,2,2000,0,500,70,1000,1,2,2,2,2,2,2,2
2,1978,1,37,314,2,3,2,1,11,4,1,1,2,2000,0,1000,90,1000,2,2,2,2,1,2,2,2
2,1984,1,25,314,2,3,2,1,7,4,2,1,2,3000,0,0,75,1500,1,2,1,2,1,2,2,1
1,1977,1,27,314,2,3,2,3,7,3,3,1,5,2000,0,0,70,2000,1,2,2,2,2,2,2,1
1,1992,1,14,314,1,5,2,3,11,3,0,1,4,6000,0,0,50,2200,1,2,2,2,2,2,2,1
1,1991,1,23,305,1,6,2,2,7,4,0,98,1,250,0,0,20,250,2,2,2,2,2,2,2,1
2,1989,1,13,305,2,4,1,5,8,3,0,1,2,2000,500,800,40,1100,2,2,2,2,2,2,2,1
2,1993,1,18,314,1,6,1,3,11,4,0,98,1,1000,0,0,20,1000,2,2,2,2,2,2,2,2
1,1980,1,12,323,4,3,2,4,2,1,2,3,5,2500,0,0,40,1500,1,2,2,2,2,2,2,1
2,1953,1,37,517,3,2,3,3,5,3,8,98,3,2300,200,350,40,800,1,2,1,2,1,2,2,1
2,1975,1,29,615,1,3,2,4,2,4,0,98,1,900,300,300,40,900,2,2,2,2,2,2,2,2
2,1959,1,38,609,1,3,2,4,2,4,1,1,3,800,0,0,20,800,1,1,1,2,2,2,2,1
1,1970,1,28,419,2,5,4,3,1,3,5,3,7,1000,0,0,25,1000,2,2,2,2,2,2,2,2
1,1965,1,36,609,4,5,3,4,2,4,1,98,1,1200,250,250,40,1200,2,2,2,2,2,2,2,2
1,1981,1,30,517,1,3,2,3,2,4,1,3,3,2000,100,100,48,1200,2,2,2,2,2,2,2,2
2,1965,1,31,348,2,6,3,5,3,1,2,2,4,2300,200,200,15,600,1,2,1,2,2,2,2,1
2,1981,1,23,517,1,3,4,5,5,4,6,1,8,2400,0,0,12,500,2,1,2,2,2,2,2,2
2,1994,1,11,243,1,5,1,5,3,3,0,98,2,1500,0,0,20,500,1,2,1,2,2,2,2,1
2,1980,1,20,517,1,3,2,5,5,4,3,3,4,2000,0,0,20,800,2,2,2,2,2,2,2,1
1,1975,1,35,517,1,3,2,3,5,8,0,98,1,500,0,0,15,500,2,2,2,2,2,2,2,2
1,1982,1,32,401,2,3,3,3,1,8,1,1,1,800,400,400,40,800,2,2,2,2,2,2,2,2
2,1979,1,21,609,2,5,4,5,2,3,2,1,4,2300,0,0,20,600,1,2,2,2,2,2,2,1
2,1973,1,26,609,2,5,3,4,2,4,3,3,5,1500,0,0,15,600,2,2,2,2,2,2,2,1
1,1978,1,27,201,1,5,4,4,2,3,1,2,3,2000,200,200,50,1600,1,2,1,2,1,2,2,2
2,1988,1,13,609,1,6,1,5,2,3,0,3,2,2000,0,0,20,700,1,2,2,2,2,2,2,1
1,1978,1,25,609,4,5,2,5,2,3,1,98,2,2200,300,300,18,1300,2,2,2,2,2,2,2,2
2,1970,1,36,311,2,3,2,3,1,3,0,2,2,800,0,0,25,500,1,2,1,2,2,2,2,1
1,1974,1,22,609,2,5,4,4,2,3,3,1,5,2000,0,0,36,1200,2,2,2,2,2,2,2,1
1,1970,1,27,311,2,3,2,4,7,4,2,1,1,1000,500,500,48,1000,2,2,2,2,2,2,2,2
1,1978,1,22,609,2,5,3,5,2,3,0,1,2,1800,250,250,52,1500,1,2,1,1,1,2,2,1
2,1983,1,18,609,1,3,1,5,2,3,2,98,3,1200,100,100,40,1200,1,2,2,2,2,2,2,1
2,1959,1,29,235,2,6,1,5,2,2,1,2,3,3600,0,0,50,2000,1,1,1,1,1,2,2,1
2,1987,1,24,201,2,3,2,4,1,5,3,1,5,1500,0,0,15,500,2,2,2,2,2,2,2,1
1,1985,1,30,311,2,2,2,3,1,8,2,1,1,750,300,300,40,750,2,1,2,2,2,2,1,2
1,1980,1,20,436,2,5,2,3,1,3,5,1,2,1500,500,500,48,1500,1,2,2,2,2,2,2,2
1,1970,1,32,436,2,5,2,4,1,3,3,1,5,1200,0,0,44,1200,1,2,2,2,2,2,2,2
2,1964,1,27,615,2,6,2,5,2,1,2,1,5,3000,0,0,40,1350,1,2,1,2,2,2,2,1
1,1968,1,23,201,2,5,2,5,11,3,2,1,4,2300,400,500,46,1500,1,2,2,2,2,2,2,2
1,1980,1,29,419,2,3,2,3,1,4,1,1,1,1000,400,400,60,1000,2,2,2,2,2,2,2,2
1,1983,1,25,419,1,6,2,5,1,4,0,98,1,900,150,150,30,900,2,2,2,2,2,2,2,2
1,1980,1,22,419,2,3,2,5,1,3,2,1,1,1000,500,500,30,1000,1,2,1,2,2,2,2,2
1,1982,1,25,332,2,6,1,5,1,3,2,1,1,1200,500,500,25,1200,1,2,2,2,2,2,2,2
2,1983,1,12,235,1,5,1,5,3,1,0,2,2,2600,0,0,40,1400,1,2,1,1,1,2,2,1
1,1970,1,23,419,2,3,3,5,1,1,3,1,5,1400,0,0,45,1400,1,1,1,2,1,2,1,2
1,1982,1,25,450,2,2,3,4,1,4,2,1,5,2000,0,200,25,700,2,2,2,2,2,2,2,2
2,1972,1,24,404,2,4,1,5,2,3,4,1,6,1900,0,0,40,1250,1,2,2,2,2,2,2,1
2,1990,1,20,517,1,2,3,4,2,4,2,3,3,400,0,0,6,300,2,2,2,2,2,2,2,2
1,1976,1,25,419,2,4,4,5,1,3,2,1,1,1800,700,700,45,1800,1,2,1,2,2,2,2,2
2,1962,1,40,245,2,6,2,5,3,1,1,2,2,1200,0,0,40,1200,1,2,2,2,2,2,2,1
1,1960,1,22,450,4,4,2,5,2,1,4,3,2,1800,0,0,25,700,1,2,1,2,1,1,2,1
2,1986,1,22,615,1,5,1,5,2,4,0,98,4,2500,0,200,17,550,1,2,1,2,2,2,2,1
2,1980,1,30,517,1,5,2,4,5,8,3,98,4,1500,250,250,40,1500,2,1,1,1,1,2,2,1
2,1959,1,50,243,4,5,4,4,3,4,2,98,1,1000,500,500,50,1000,1,1,1,2,2,2,2,1
2,1960,1,41,243,3,4,3,5,3,3,3,98,1,1100,300,300,50,900,1,2,1,1,2,2,2,1
1,1980,1,30,458,2,3,3,4,6,4,2,1,1,1300,400,400,40,1300,2,2,2,2,2,2,2,2
1,1982,1,24,235,1,5,3,5,3,2,0,98,1,1500,300,300,45,1500,2,1,1,2,2,2,2,2
1,1979,1,26,609,1,5,2,5,2,3,0,98,1,1300,250,250,45,1300,1,2,1,2,2,2,2,1
1,1981,1,28,311,2,5,3,4,2,5,2,1,1,600,200,200,25,600,2,2,2,2,2,2,2,2
2,1974,1,32,517,4,5,2,5,2,4,2,98,2,2000,150,150,40,1200,1,2,1,2,2,2,2,1
1,1983,1,24,436,2,6,2,5,1,1,1,2,3,2300,0,200,40,1200,1,1,1,2,2,2,2,1
1,1976,1,34,330,2,5,2,3,8,4,0,1,1,1000,200,400,40,1000,1,2,2,2,2,2,2,1
1,1970,1,32,344,2,6,3,4,1,3,2,1,1,800,200,500,50,800,1,2,2,2,2,2,2,2
1,1981,1,21,419,2,6,1,4,1,3,2,1,1,2000,500,500,50,2000,1,2,2,2,2,2,2,2
1,1964,1,30,419,2,5,2,5,1,1,2,1,4,3000,500,600,40,850,1,1,1,2,2,2,2,1
1,1972,1,28,419,2,5,1,5,1,3,3,1,5,1700,0,0,40,1600,1,1,2,2,2,2,2,1
1,1981,1,15,201,2,6,1,5,11,1,0,2,2,3500,0,0,50,2000,1,2,1,2,2,2,2,1
1,1977,1,26,235,2,4,2,4,11,2,0,2,2,1000,0,0,25,600,1,2,1,2,2,2,2,1
1,1979,1,28,436,2,5,2,4,1,3,0,1,2,1200,0,250,40,1200,1,1,1,2,2,2,2,2
2,1966,1,40,254,3,5,3,4,3,4,2,98,1,1100,400,400,50,900,1,2,2,2,2,2,2,2
1,1985,1,23,419,1,5,3,5,1,4,0,98,2,2000,0,600,30,650,2,2,2,2,2,2,2,2
1,1978,1,30,450,1,5,2,5,1,8,0,98,1,500,150,150,30,450,2,2,2,2,2,2,2,2
1,1985,1,21,419,1,5,2,5,1,3,0,98,1,1200,200,200,40,1200,2,2,2,2,2,2,2,2
2,1974,1,27,609,1,5,2,5,2,3,0,2,2,2000,150,150,40,1350,1,2,2,1,2,2,2,1
1,1977,1,24,419,2,5,1,5,4,1,2,3,4,2500,0,0,50,2000,1,2,1,2,2,2,2,1
1,1984,1,20,344,2,3,3,3,1,3,1,1,3,1000,100,100,55,1000,1,2,1,2,2,2,2,2
2,1988,1,18,243,2,6,4,5,3,4,0,1,2,2000,0,0,40,1000,1,2,2,2,2,2,2,1
2,1987,1,21,411,2,6,2,5,6,3,0,1,4,3000,200,200,15,360,1,2,2,2,2,2,2,2
1,1988,1,24,337,2,99,99,3,1,4,0,1,3,2000,0,0,45,800,1,2,2,2,2,2,2,2
2,1985,1,25,314,2,5,2,2,11,3,1,1,3,1700,0,0,25,600,1,2,2,2,2,2,2,1
1,1987,1,20,305,2,2,3,4,1,5,1,1,1,600,250,250,50,600,2,2,2,2,2,2,2,2
1,1982,1,22,449,1,4,2,5,11,3,0,1,3,1300,150,150,20,800,2,2,2,2,2,2,2,2
2,1980,1,24,245,2,6,4,5,3,3,2,1,4,1900,0,0,25,600,1,2,2,2,2,2,2,2
1,1979,1,28,615,1,4,3,4,2,4,1,1,3,2000,100,250,30,800,2,2,2,2,2,2,2,2
2,1962,1,52,243,1,6,2,4,3,4,0,98,1,1100,0,0,60,1000,2,2,2,2,2,2,2,2
2,1963,1,27,235,4,6,1,5,3,2,1,98,2,2400,300,300,40,1850,2,2,2,2,2,2,2,1
2,1972,1,21,436,1,6,,5,1,1,0,98,1,2000,400,400,42,1500,1,2,1,1,1,2,2,1
2,1971,1,33,333,1,5,4,4,6,4,0,2,1,900,0,0,20,900,1,2,1,2,2,2,2,1
1,1977,1,22,450,2,3,2,4,1,3,4,1,1,1300,500,500,36,1300,1,2,2,2,2,2,2,2
2,1983,1,22,604,4,6,2,4,2,4,2,98,1,1200,500,500,40,1200,1,2,1,2,1,2,2,1
1,1976,1,38,323,2,6,,3,2,5,0,1,1,500,200,200,20,500,2,2,2,2,2,2,2,2
2,1972,1,37,615,4,5,2,3,2,3,0,98,1,700,0,0,25,700,1,2,1,2,2,2,2,1
1,1982,1,25,615,1,4,2,3,2,4,0,1,1,1200,200,200,40,1200,2,2,2,2,2,2,2,2
1,1980,1,25,461,2,5,2,4,2,3,0,1,1,1300,200,500,40,1300,2,2,2,2,2,2,2,2
1,1966,1,30,419,2,5,4,5,1,3,3,1,5,2000,0,0,50,2000,1,1,2,2,2,2,2,2
1,1979,1,25,436,2,5,3,4,1,3,1,1,3,2000,100,200,40,1500,1,2,2,2,2,2,2,2
1,1974,1,34,419,2,5,3,4,1,4,1,1,1,1000,150,350,30,1000,1,2,2,2,2,2,2,2
1,1976,1,26,615,2,3,4,4,2,3,2,1,4,2500,0,250,40,1300,1,2,2,2,2,2,2,1
2,1974,1,25,404,2,3,2,4,2,4,2,1,4,2500,0,300,40,1200,1,1,2,2,2,2,2,1
1,1988,1,15,458,2,3,,4,1,3,2,1,1,1400,200,600,40,1400,1,1,2,2,2,2,2,2
2,1961,1,38,615,2,5,1,5,2,3,2,1,2,2200,100,200,42,1150,1,1,1,2,2,2,2,1
2,1965,1,45,609,4,5,2,4,2,4,3,98,2,1500,500,500,40,1500,1,2,1,2,2,2,2,2
1,1991,1,18,605,2,5,,5,2,3,0,1,2,1550,0,0,40,850,1,2,1,2,2,2,2,2
2,1991,1,20,615,1,5,3,4,2,4,0,98,3,2500,0,0,40,950,1,2,2,2,2,2,2,2
2,1979,1,26,609,2,5,3,4,2,3,2,1,4,1900,0,0,45,900,1,2,1,2,2,2,2,1
2,1984,1,18,615,1,5,1,5,2,5,0,2,1,1400,0,0,40,1400,1,2,1,2,2,2,2,1
1,1963,1,45,615,4,6,4,5,2,4,3,1,1,1000,50,50,25,1000,1,2,2,2,2,2,2,2
2,1986,1,20,608,1,5,,5,2,3,1,2,3,1500,0,0,25,600,1,2,1,1,2,2,2,1
2,1985,1,14,516,1,3,,5,2,1,0,2,1,1200,100,100,40,1200,1,2,2,2,2,2,2,2
2,1990,1,,615,1,5,,5,2,3,1,1,3,2000,0,0,25,500,1,1,1,2,2,2,2,1
2,1977,1,34,609,1,5,1,5,2,3,0,98,1,1400,100,100,40,1400,1,2,2,2,2,2,2,1
2,1990,1,21,615,1,5,2,5,2,5,0,3,1,700,0,0,25,700,1,2,2,2,2,2,2,2
2,1978,1,23,615,1,5,2,4,2,4,3,1,5,2000,0,0,40,900,2,2,2,2,2,2,2,1
1,1966,1,30,615,1,5,2,5,5,7,2,1,4,1800,0,0,25,600,2,1,2,2,2,2,2,2
2,1956,1,43,609,4,5,4,3,5,4,2,98,1,920,500,500,25,920,2,2,2,2,2,2,2,2
1,1992,1,6,609,1,6,1,5,2,1,0,98,3,2500,0,0,20,700,1,1,1,2,2,2,2,1
1,1989,1,20,305,2,5,2,3,1,4,2,1,4,1400,200,200,40,1400,2,2,2,2,2,2,2,2
2,1961,1,36,609,1,5,4,5,2,4,4,1,3,1000,0,0,20,600,1,1,1,2,2,2,2,1
2,1960,1,36,609,2,5,3,5,2,3,3,1,5,2000,0,0,40,1200,1,2,1,2,2,2,2,1
2,1955,1,45,609,2,5,2,4,2,3,7,1,3,750,0,0,25,750,1,2,2,2,2,2,2,1
2,1976,1,27,609,4,5,3,5,2,5,2,98,3,1200,0,0,30,500,1,1,2,2,2,2,2,2
2,1978,1,25,311,2,5,2,4,2,3,0,1,2,1000,0,0,18,500,1,2,1,1,2,2,2,1
1,1982,1,13,615,1,3,1,4,2,4,2,98,4,3000,200,600,36,1400,2,2,2,2,2,2,2,2
2,1982,1,18,443,2,5,1,4,2,3,2,1,4,2000,0,100,40,1100,1,2,2,2,2,2,2,2
2,1962,1,34,609,3,5,2,5,2,3,2,98,3,2000,0,0,20,700,1,2,1,2,2,2,2,1
1,1971,1,35,305,2,5,4,4,1,3,1,1,3,900,0,0,25,900,2,2,2,2,2,2,2,2
2,1968,1,23,609,2,5,3,5,2,3,3,1,5,2000,0,0,15,500,1,2,1,2,2,2,2,1
2,1988,1,,517,2,5,1,5,2,1,2,2,6,3000,0,0,20,700,2,2,2,2,2,2,2,2
2,1981,1,20,615,2,5,2,4,2,5,2,1,4,1200,0,0,15,500,1,1,2,2,2,2,2,2
2,1975,1,24,609,4,5,3,5,5,3,1,98,1,1200,200,200,40,1200,2,2,2,2,2,2,2,2
1,1971,1,29,609,2,5,2,4,5,3,3,1,5,1800,0,0,30,1000,1,1,1,2,1,2,2,1
2,1962,1,33,609,3,5,4,5,2,3,2,98,2,1300,0,0,40,1300,1,1,1,2,1,2,2,1
1,1990,1,20,235,1,5,3,5,3,2,0,1,2,2000,0,0,40,1500,1,1,1,2,1,2,2,2
2,1995,1,5,609,1,3,1,5,2,3,0,98,6,2800,0,0,15,400,2,2,2,2,2,2,2,2
2,1967,1,35,615,2,5,3,5,2,3,2,1,4,1200,0,0,40,1200,1,2,2,2,2,2,2,1
1,1956,1,41,436,2,3,2,3,1,3,2,1,4,1500,0,0,40,700,1,2,1,2,2,2,2,2
2,1978,1,22,609,4,5,2,5,2,3,2,98,3,1500,0,0,30,700,1,1,1,1,2,2,2,1
1,1985,1,29,401,1,3,2,3,1,8,0,98,1,600,0,0,30,600,2,2,2,2,2,2,2,2
1,1979,1,23,615,2,3,2,3,5,3,1,1,3,1200,50,50,12,350,1,2,1,2,2,2,2,1
2,1981,1,15,615,1,3,1,5,2,3,2,1,4,2500,0,0,30,1400,1,1,1,2,2,2,2,1
2,1983,1,15,615,1,3,1,5,2,4,2,98,3,4500,300,400,25,1200,2,2,2,2,2,2,2,1
2,1989,1,16,201,2,5,3,5,11,4,2,1,4,1350,0,0,16,450,1,2,1,2,2,2,2,2
1,1965,1,43,330,2,5,2,3,9,5,1,1,1,1550,400,400,40,1550,1,2,2,2,2,2,2,2
1,1982,1,25,330,2,5,2,4,9,4,1,1,3,1200,0,0,65,1200,1,2,1,2,2,2,2,2
1,1957,1,51,344,2,5,2,3,1,4,5,1,7,1200,0,0,40,1200,2,2,2,2,2,2,2,2
2,1976,1,25,609,2,3,2,5,2,3,2,1,4,2000,0,0,25,650,1,2,2,2,2,2,2,2
2,1959,1,43,615,2,3,2,5,2,3,2,1,2,2100,500,700,48,900,1,2,2,2,2,2,2,2
1,1979,1,25,311,2,5,2,3,7,3,2,1,1,1500,500,500,45,1500,1,2,1,2,2,2,2,2
1,1982,1,25,436,2,3,2,5,1,3,0,1,2,1400,0,0,40,1400,1,2,1,2,2,2,2,2
1,1975,1,23,201,2,2,2,5,11,1,3,1,7,4000,300,500,40,1850,2,2,2,2,2,2,2,2
1,1991,1,19,411,2,2,4,3,2,4,2,1,1,1200,400,400,40,1200,2,2,2,2,2,2,2,2
1,1964,1,40,344,2,5,2,3,1,3,4,1,6,1500,250,250,40,1500,2,2,2,2,2,2,2,2
1,1984,1,16,436,2,3,2,5,1,3,3,1,5,1300,0,0,40,1300,1,1,1,2,2,2,2,2
2,1957,1,52,243,3,5,3,3,3,4,2,98,1,1100,350,350,50,1100,2,2,2,2,2,2,2,2
2,1959,1,40,436,1,3,2,4,1,3,0,98,1,1100,300,300,40,1100,1,1,1,2,2,2,2,1
1,1976,1,32,305,2,5,2,4,1,4,2,1,4,1200,0,0,40,1200,2,2,2,2,2,2,2,2
1,1982,1,24,517,2,5,2,4,2,4,2,1,4,1900,0,0,40,1100,1,1,1,2,2,2,2,1
1,1992,1,15,201,1,3,2,5,1,5,0,98,1,800,0,0,24,800,2,2,2,2,2,2,2,2
1,1970,1,35,436,2,5,2,4,1,3,2,1,4,1800,0,0,40,1800,1,1,1,2,2,2,2,2
2,1965,1,32,201,4,5,2,5,2,3,3,98,4,2500,0,0,40,1400,1,1,1,2,2,2,2,1
1,1984,1,20,460,1,3,2,4,1,4,0,98,1,1000,200,200,30,1000,2,2,2,2,2,2,2,2
2,1982,1,24,450,2,5,2,4,1,3,1,1,2,3000,0,100,24,1200,2,2,2,2,2,2,2,1
2,1982,1,27,243,3,5,2,4,3,4,2,98,1,950,800,800,52,950,1,2,1,2,1,2,2,1
1,1982,1,24,436,1,5,2,3,1,4,0,98,1,800,250,250,30,800,1,1,2,2,1,2,2,2
2,1970,1,20,517,1,5,2,5,2,1,1,2,5,2200,0,0,40,1200,1,2,1,1,2,2,2,1
1,1984,1,23,419,2,5,2,5,1,4,2,1,1,1000,500,500,30,1000,2,1,2,2,2,2,2,2
2,1970,1,27,245,2,6,1,5,3,1,0,2,2,3500,0,0,25,1000,1,2,1,2,2,2,2,1
2,1971,1,38,243,4,5,2,5,3,4,2,98,1,900,750,750,52,900,1,2,2,2,2,2,2,1
1,1984,1,16,436,2,3,2,5,1,3,3,1,5,1200,0,0,40,1200,1,2,1,2,2,2,2,2
1,1957,1,40,201,2,4,3,4,3,3,3,1,5,2600,50,50,40,2000,1,2,1,1,2,2,2,1
1,1966,1,36,201,2,5,1,5,1,1,2,3,4,1600,0,0,46,1600,1,1,1,2,2,2,2,1
1,1958,1,39,201,2,4,1,5,1,3,3,1,5,2800,0,50,45,2000,1,1,1,2,2,2,2,1
1,1983,1,17,450,2,2,1,4,1,3,3,1,1,1400,500,500,50,1400,1,1,2,2,2,2,2,1
2,1976,1,23,243,2,5,1,5,3,4,2,1,4,2200,0,0,49,1200,1,2,1,1,2,2,2,2
1,1971,1,33,305,2,3,1,4,1,3,3,1,6,1600,0,0,44,1400,1,2,2,2,2,2,2,2
1,1987,1,22,450,2,3,,3,1,4,2,1,4,600,0,0,60,600,2,2,2,2,2,2,2,2
1,1986,1,23,460,1,3,1,4,1,4,0,98,1,1000,100,100,42,1000,1,1,2,2,2,2,2,2
1,1969,1,29,344,2,3,,3,1,3,3,1,5,1500,0,0,44,1500,1,2,1,2,2,2,2,2
2,1982,1,22,245,2,5,2,5,3,3,2,1,4,2000,0,0,84,800,1,2,1,2,2,2,2,1
1,1974,1,26,436,2,4,2,5,1,3,1,1,4,2000,0,50,45,1300,1,1,1,2,2,2,2,2
2,1979,1,21,460,2,3,3,3,1,3,3,1,5,800,0,0,12,250,1,1,1,2,2,2,2,1
2,1973,1,38,344,2,3,1,4,1,5,2,1,5,2800,100,100,30,900,1,1,1,2,2,2,2,2
2,1973,1,28,323,2,3,1,4,2,3,1,1,3,1800,0,0,20,800,1,1,2,2,2,2,2,2
1,1965,1,35,436,2,6,2,4,1,3,4,1,1,1700,700,700,40,1700,2,2,2,2,2,2,2,2
2,1964,1,41,254,1,4,2,5,3,4,3,98,2,1500,200,200,30,950,1,2,1,1,2,2,2,1
2,1988,1,21,615,1,5,4,5,2,4,0,98,1,1000,100,100,54,1000,1,2,1,2,2,2,2,2
2,1976,1,29,615,2,6,1,4,2,3,2,1,4,2500,0,250,40,1500,1,1,1,1,2,2,2,1
2,1981,1,20,517,2,5,3,4,2,3,1,1,3,1500,50,50,16,800,1,1,1,2,2,2,2,1
2,1976,1,20,458,2,5,,5,2,1,2,3,4,2000,30,30,20,700,1,2,1,2,2,2,2,2
1,1979,1,24,305,2,5,2,4,1,4,0,1,2,1300,300,300,40,1300,2,2,2,2,2,2,2,2
2,1971,1,39,243,1,5,2,4,3,4,1,98,1,900,600,600,54,900,1,2,2,2,2,2,2,2
2,1969,1,26,233,2,6,2,4,2,1,2,2,4,2500,0,0,30,1000,1,2,1,2,2,2,2,1
2,1964,1,33,243,2,6,4,5,3,3,2,1,4,3000,0,200,30,1000,2,2,1,2,2,2,2,2
2,1977,1,30,609,2,5,,4,2,4,2,1,1,1200,200,200,54,1200,1,2,1,2,2,2,2,1
2,1971,1,30,609,1,3,2,4,10,4,1,98,2,500,0,0,10,500,1,2,1,2,1,2,2,1
1,1975,1,32,330,2,4,1,4,7,3,1,1,3,1800,0,0,36,1800,1,2,1,2,2,2,2,1
1,1976,1,25,419,2,5,2,4,1,3,3,1,5,1500,0,0,40,1500,1,2,1,2,2,2,2,1
1,1979,1,20,436,2,3,2,4,1,3,2,1,4,1100,0,0,30,1100,1,1,2,2,2,2,2,2
2,1978,1,30,608,1,5,2,4,5,4,1,1,3,1500,100,100,40,900,1,2,1,2,2,2,2,1
2,1970,1,31,514,1,3,4,4,2,5,1,98,2,1200,100,100,40,1200,1,1,1,1,2,2,2,1
2,1982,1,19,243,1,6,,5,3,3,0,3,3,3500,200,400,40,1500,1,1,1,1,2,2,2,1
2,1985,1,21,615,1,5,2,5,2,5,0,98,1,500,100,100,16,500,2,2,2,2,2,2,2,2
1,1983,1,28,311,2,3,2,3,7,4,0,1,1,1400,800,800,40,1400,1,2,2,2,2,2,2,2
2,1984,1,20,201,2,5,4,4,11,4,2,1,4,700,0,0,20,300,1,2,1,2,2,2,2,2
2,1979,1,28,243,2,5,2,5,3,3,1,1,3,700,0,0,24,600,1,1,2,2,2,2,2,2
2,1981,1,20,609,1,5,2,5,2,3,1,98,3,1200,0,0,40,1200,1,2,2,2,2,2,2,1
1,1963,1,26,305,2,3,2,4,1,3,2,1,4,500,0,0,20,500,1,1,2,2,2,2,2,1
1,1969,1,30,615,2,5,,4,2,3,1,1,3,2400,0,0,38,1400,1,2,2,2,2,2,2,1
1,1962,1,38,615,2,5,2,4,2,3,1,1,3,1200,0,0,40,1200,1,2,2,2,2,2,2,2
1,1971,1,28,419,2,5,2,3,1,3,2,1,4,1600,0,0,40,1600,1,1,1,2,2,2,2,1
2,1980,1,26,419,2,4,2,4,1,4,0,3,2,1500,0,0,44,900,1,1,2,2,2,2,2,2
2,1977,1,19,436,4,2,2,4,1,4,2,98,3,700,100,100,25,700,1,1,1,2,2,2,2,2
1,1968,1,31,311,2,3,2,4,7,3,1,1,3,1600,100,100,50,1600,1,1,1,2,2,2,2,1
2,1970,1,35,201,2,5,2,4,2,3,2,1,4,2500,0,0,40,1000,1,2,2,2,2,2,2,1
1,1974,1,28,305,2,5,2,2,1,4,1,1,3,1200,0,0,36,1200,1,1,1,2,2,2,2,1
1,1991,1,11,235,1,4,,5,3,2,1,1,3,700,0,0,20,700,1,1,2,2,2,2,2,2
2,1970,1,32,235,1,2,3,5,3,2,2,1,2,300,0,0,16,300,2,2,2,2,2,2,2,2
1,1989,1,19,419,2,5,2,5,1,3,0,3,2,1500,0,0,20,800,2,1,1,2,2,2,2,2
1,1986,1,29,344,1,5,3,3,1,6,0,98,1,850,400,400,72,850,1,2,2,2,2,2,2,1
2,1967,1,32,243,2,5,2,5,3,3,3,1,1,800,600,600,25,800,1,2,1,2,2,2,2,2
2,1955,1,44,243,2,5,2,5,3,3,2,1,1,800,650,650,30,800,1,2,1,2,2,2,2,2
2,1965,1,37,615,2,4,2,5,2,3,1,1,3,2000,0,200,25,700,1,2,1,2,2,2,2,1
2,1967,1,41,323,4,5,1,5,6,3,3,98,1,900,200,200,40,900,1,1,2,2,2,2,2,1
1,1984,1,25,450,2,3,1,5,1,4,1,1,2,2500,200,200,40,1200,2,1,1,2,2,2,2,2
1,1984,1,27,431,1,2,1,5,1,5,0,2,1,800,250,250,60,800,1,1,1,2,1,2,2,2
1,1991,1,20,460,1,3,1,4,1,4,0,98,1,1700,0,0,60,1700,2,2,2,2,2,2,2,1
1,1988,1,26,450,1,3,3,4,1,8,0,98,3,600,50,50,20,250,2,1,1,2,2,2,2,2
2,1978,1,26,604,4,4,,5,2,3,2,98,4,1600,0,0,40,1000,1,2,1,2,2,2,2,1
1,1989,1,22,460,1,5,1,5,1,4,0,98,2,1500,0,400,56,800,1,1,2,2,2,2,2,2
1,1990,1,19,337,1,6,,5,1,5,0,98,1,1200,0,0,50,1200,2,2,2,2,2,2,2,1
2,1977,1,26,235,2,5,1,5,3,2,1,3,3,1000,0,0,60,1000,1,1,2,2,1,2,2,1
2,1991,1,13,404,1,5,1,5,2,3,0,98,4,1700,0,0,15,500,1,2,2,2,2,2,2,1
2,1983,1,23,243,2,5,3,4,3,3,0,2,2,2500,200,200,40,1100,1,2,1,2,2,2,2,1
2,1977,1,13,443,2,5,4,3,5,1,3,1,5,1800,0,250,50,700,1,1,1,1,2,2,2,1
1,1976,1,30,442,4,5,3,4,11,4,2,98,1,800,40,40,50,800,1,1,1,2,2,2,2,2
1,1983,1,28,324,2,6,4,1,1,2,0,3,2,2300,0,0,40,1300,1,2,1,2,2,2,2,2
1,1982,1,27,404,1,5,2,5,2,4,1,2,3,3000,0,50,35,1300,1,2,2,1,2,2,2,1
2,1965,1,38,615,4,1,,4,2,4,3,98,2,1100,0,0,45,1100,1,1,1,2,2,2,2,1
1,1980,1,26,443,2,5,2,3,5,3,1,1,4,1300,100,100,40,1300,2,2,2,2,2,2,2,2
1,1960,1,38,615,2,5,2,4,2,1,1,1,2,1400,0,300,40,1200,1,2,2,2,2,2,2,2
1,1994,1,13,305,1,3,,3,1,3,0,98,5,2400,0,0,30,800,2,2,2,2,2,2,2,2
1,1991,1,18,609,1,4,,5,5,4,2,1,4,1600,0,0,40,1600,1,1,1,2,1,2,2,1
1,1984,1,16,419,2,5,2,4,1,3,3,1,5,1500,0,100,40,1500,2,2,1,2,2,2,2,1
1,1988,1,18,419,1,5,2,4,1,5,0,98,1,500,100,100,24,500,1,2,2,2,2,2,2,1
1,1991,1,2,404,1,4,,5,11,1,1,2,3,2000,0,0,40,1800,2,2,1,2,2,2,2,1
1,1983,1,21,419,2,3,2,5,1,4,3,1,1,1200,150,150,40,1200,2,2,1,2,2,2,2,2
1,1977,1,20,201,2,3,1,5,2,4,2,1,4,2600,0,1000,48,2500,2,1,1,2,2,2,2,2
1,1991,1,18,409,1,3,2,4,1,3,0,98,1,1000,100,100,40,1000,2,2,2,2,2,2,2,2
2,1986,1,22,428,1,6,2,5,6,5,1,1,3,2000,0,0,25,650,1,1,1,2,1,2,2,2
1,1987,1,21,419,1,5,,3,1,3,0,98,1,1000,0,0,40,1000,1,1,2,2,2,2,2,1
1,1958,1,26,460,1,5,4,3,1,4,0,98,1,1000,0,0,40,1000,1,1,1,2,2,2,2,2
1,1969,1,33,201,2,6,3,4,3,3,2,1,5,4100,0,0,45,1600,2,2,1,2,2,2,2,1
1,1995,1,9,243,1,3,,5,11,3,0,98,1,600,0,0,30,600,1,2,2,2,2,2,2,2
2,1969,1,37,604,4,6,2,5,6,4,4,98,3,1400,0,400,20,550,1,2,2,2,2,2,2,1
1,1966,1,26,436,2,6,1,5,1,1,3,1,5,1700,0,0,40,1700,1,1,1,2,1,2,2,1
1,1965,1,35,406,2,3,1,4,2,3,1,1,1,900,400,400,30,900,1,2,2,2,2,2,2,1
2,1978,1,29,604,1,4,,5,2,4,1,98,1,850,400,400,40,850,1,2,2,2,2,2,2,1
2,1986,1,26,235,2,6,1,5,3,2,2,1,2,2200,0,500,40,1200,1,1,1,2,2,2,2,1
1,1986,1,21,419,2,3,3,4,1,4,0,1,2,2000,500,500,25,1000,2,1,2,2,2,2,2,1
1,1971,1,16,436,2,6,1,5,1,3,3,1,1,1100,200,200,40,1100,1,1,1,1,2,2,2,1
2,1996,1,17,404,1,2,1,5,6,3,0,98,5,3000,0,100,4,120,1,1,1,2,1,2,2,1
2,1989,1,8,235,2,4,,5,5,2,1,1,4,2000,0,100,50,1150,1,2,1,2,2,2,2,1
1,1969,1,26,436,1,3,4,5,1,4,1,3,3,2000,0,0,20,650,2,1,2,2,2,2,2,2
2,1984,1,22,254,4,4,3,5,3,3,2,98,3,3000,0,0,60,2000,2,2,2,1,2,2,2,1
2,1982,1,21,514,2,5,2,5,11,1,1,2,3,3000,150,150,60,800,2,1,2,1,2,2,2,2
1,1970,1,35,436,2,3,3,3,1,3,2,1,4,1200,0,0,50,1200,1,2,2,2,2,2,2,2
1,1993,1,11,436,1,5,1,5,1,4,0,98,1,1200,0,0,40,1200,1,1,1,1,1,2,2,2
1,1988,1,20,351,2,5,3,5,1,4,1,1,3,1000,0,0,40,1000,2,1,2,2,2,2,2,2
1,1988,1,26,201,2,3,3,2,1,5,2,1,4,900,0,0,35,900,2,1,2,2,1,2,2,2
2,1952,1,53,243,3,4,3,5,3,3,2,98,1,900,0,0,25,900,1,2,1,2,1,2,2,1
1,1977,1,33,436,2,3,2,5,1,4,0,1,1,450,50,50,10,450,1,2,1,2,1,2,2,1
1,1987,1,24,330,2,3,2,3,9,4,0,1,3,2500,500,500,16,1000,1,2,1,1,1,2,2,1
1,1981,1,29,344,2,2,4,3,1,4,0,1,2,1600,0,0,40,1600,1,2,2,2,2,2,2,2
2,1952,1,57,243,3,3,2,5,3,5,2,98,1,900,300,300,25,900,2,2,2,2,2,2,2,1
2,1975,1,25,460,2,1,,5,1,4,4,1,6,1000,0,0,4,150,1,2,2,2,2,2,2,2
2,1982,1,31,514,2,6,2,5,2,4,0,2,3,3400,0,0,37,1400,1,2,1,2,2,2,2,1
2,1965,1,35,450,4,3,2,5,1,1,3,98,2,1700,0,300,36,1700,1,1,1,1,1,2,2,1
2,1972,1,30,256,1,4,2,5,3,3,1,98,2,1500,0,0,50,1500,2,1,1,2,2,2,2,1
1,1973,1,23,419,2,5,2,5,1,3,3,1,5,3000,0,0,65,3000,1,2,1,2,2,2,2,1
2,1980,1,34,243,2,6,1,4,3,6,2,1,4,800,0,0,35,800,1,1,2,1,2,2,2,2
1,1985,1,28,344,1,3,3,3,1,4,0,98,2,2500,0,1500,40,2000,1,2,1,1,2,2,2,1
2,1976,1,30,254,2,3,3,5,3,4,3,1,1,700,200,200,35,700,1,1,1,2,2,2,2,1
2,1992,1,20,443,1,4,1,5,2,4,0,98,1,900,0,0,50,900,1,2,1,2,2,2,2,1
2,1983,1,31,243,2,4,2,3,3,7,2,1,5,1300,0,0,10,600,2,2,2,2,2,2,2,2
1,1978,1,32,419,2,3,2,5,1,5,4,1,2,2500,0,400,16,900,2,1,2,2,2,2,2,1
2,1986,1,18,243,1,4,2,5,11,4,1,98,2,1100,0,0,37,1100,1,2,2,1,2,2,2,1
1,1980,1,22,436,4,3,1,3,1,4,0,98,1,600,0,0,40,600,2,1,1,1,2,2,2,2
1,1992,1,12,436,1,3,,4,1,3,0,98,1,900,250,250,45,900,1,1,1,2,1,2,2,1
1,1980,1,22,330,2,1,,5,9,3,2,1,4,1800,0,300,38,1800,2,1,1,2,1,2,2,1
2,1981,1,24,235,2,6,1,5,3,2,2,1,5,1300,100,100,40,1100,1,2,1,2,2,2,2,1
1,1976,1,27,419,2,6,3,4,1,3,2,1,1,1300,300,300,40,1300,2,1,2,2,2,2,2,2
2,1962,1,26,314,2,6,3,3,11,3,3,3,5,1000,0,0,56,1000,1,2,1,2,2,2,2,1
1,1974,1,22,450,2,6,4,3,1,3,2,1,2,2500,200,200,48,1200,1,1,1,2,1,2,2,1
2,1985,1,26,235,1,3,2,3,3,2,1,1,2,1000,50,50,8,250,2,2,2,2,2,2,2,2
1,1979,1,20,436,2,3,3,3,1,3,2,1,4,1025,0,0,42,1025,1,1,1,2,2,2,2,2
2,1973,1,35,436,4,6,2,5,1,3,0,98,2,800,0,0,40,800,1,2,2,2,2,2,2,2
1,1982,1,22,460,2,4,1,5,1,3,2,1,1,1200,200,200,40,1200,1,1,1,2,2,2,2,1
1,1981,1,26,344,2,5,4,3,1,3,1,1,1,800,250,250,20,800,2,2,1,2,2,2,2,1
1,1990,1,17,419,1,5,1,4,3,3,0,98,1,1000,300,300,20,1000,2,2,2,2,2,2,2,2
1,1991,1,12,243,2,4,3,5,3,3,0,1,2,1000,0,0,30,1000,1,1,1,2,1,2,2,2
1,1991,1,15,243,2,5,,5,3,3,0,1,2,2400,0,0,48,1200,2,2,2,2,2,2,2,2
1,1992,1,8,351,1,3,,5,1,4,0,3,2,2000,0,0,60,1300,2,2,2,2,2,2,2,2
1,1986,1,28,344,2,3,1,2,1,4,2,1,1,600,250,250,36,600,2,2,2,2,2,2,2,2
2,1970,1,37,458,2,5,1,5,2,3,1,1,3,1600,100,100,40,1250,1,1,1,2,2,2,2,1
1,1991,1,18,450,2,5,2,3,1,3,0,1,1,1200,400,400,40,1200,1,2,1,2,2,2,2,1
2,1973,1,25,450,4,2,2,3,1,3,2,98,3,1060,100,100,30,920,1,1,1,2,2,2,2,1
1,1972,1,34,436,2,5,2,3,1,3,2,1,1,1250,400,400,48,1250,1,2,2,2,2,2,2,1
1,1977,1,30,272,2,5,1,5,1,3,2,1,4,1580,150,150,40,1500,1,2,1,2,2,2,2,1
1,1970,1,38,436,2,3,2,2,1,4,0,1,2,1700,200,300,30,1100,1,2,1,2,2,2,2,1
1,1969,1,36,253,2,2,2,3,1,3,3,1,6,2500,250,350,40,1400,1,1,1,2,2,2,2,1
1,1976,1,24,436,2,5,1,5,1,3,2,1,6,1250,150,250,39,1150,1,1,1,2,1,2,2,1
2,1973,1,32,450,3,6,2,5,1,3,3,98,4,1300,150,150,48,900,1,1,1,2,1,2,2,1
1,1962,1,37,450,2,2,2,2,1,3,5,1,3,2500,300,500,54,1500,1,1,1,2,1,2,2,1
1,1978,1,34,436,2,6,3,5,1,4,1,1,3,2400,300,550,48,1300,1,1,1,1,2,2,2,1
1,1983,1,24,436,2,2,2,4,1,3,3,1,5,1600,200,350,42,1400,1,1,2,2,2,2,2,1
2,1966,1,0,615,2,5,2,5,2,1,2,1,4,3000,200,200,48,1100,1,1,1,2,1,2,2,1
2,1981,1,28,243,1,6,3,5,2,3,0,98,2,1050,300,320,30,800,1,1,1,2,2,2,2,1
1,1994,1,10,419,1,3,2,5,3,3,0,98,1,1200,300,300,40,1200,1,1,1,1,2,2,2,1
1,1981,1,25,450,2,5,2,5,1,1,2,1,4,2300,200,200,48,1300,1,1,1,1,2,2,2,1
1,1988,1,19,450,2,2,,3,1,3,1,1,3,1450,150,150,45,1450,1,1,1,2,2,2,2,1
1,1982,1,17,450,2,3,2,4,1,3,2,1,4,1900,300,450,45,1500,1,1,1,2,1,2,2,1
1,1977,1,28,450,2,2,2,3,1,3,1,1,3,1600,150,150,40,1450,1,1,1,2,2,2,2,1
1,1971,1,24,450,2,1,,3,1,3,2,1,4,2450,250,350,40,1500,1,1,1,2,2,2,2,1
1,1980,1,31,423,2,3,2,4,2,4,1,1,1,1100,300,300,40,1100,1,2,1,2,2,2,2,1
1,1986,1,23,253,2,4,1,5,1,3,0,1,2,1300,200,200,40,1300,1,2,1,2,2,2,2,1
1,1976,1,31,436,2,5,2,4,1,3,2,1,4,1450,200,200,48,1300,1,2,1,2,2,2,2,1
2,1982,1,25,450,2,3,1,3,1,3,1,1,3,2100,150,250,40,1200,1,2,1,2,2,2,2,1
1,1983,1,22,436,2,5,2,3,1,3,1,1,3,2000,150,150,40,1100,1,2,1,2,2,2,2,1
2,1982,1,24,314,1,5,3,3,11,4,0,1,2,1000,50,100,15,600,1,2,2,2,2,2,2,2
1,1985,1,28,419,1,5,3,5,1,4,0,98,1,500,70,70,25,500,1,2,1,2,2,2,2,2
2,1983,1,21,314,1,3,3,2,11,4,2,98,3,300,100,100,10,300,1,1,2,2,2,2,2,1
1,1994,1,13,436,1,3,,5,1,3,0,98,4,1800,0,400,45,1200,1,2,2,2,2,2,2,2
1,1992,1,13,436,2,5,2,5,1,3,3,1,5,1800,200,200,40,1800,1,2,2,2,2,2,2,2
1,1983,1,15,436,2,5,,5,1,1,0,1,2,2000,0,0,40,1500,1,2,2,2,2,2,2,2
1,1972,1,31,436,2,5,2,5,1,3,2,1,4,1300,0,0,40,1300,1,1,1,2,1,2,2,2
1,1968,1,21,436,1,3,4,5,1,1,5,1,6,2000,300,400,40,1600,1,1,1,2,1,2,2,2
1,1976,1,30,436,2,6,2,4,1,3,3,1,5,2000,200,200,45,2000,2,2,2,2,2,2,2,2
1,1986,1,2,436,2,5,,5,1,1,3,1,5,3500,0,0,50,2500,1,2,1,2,2,2,2,2
1,1989,2,,436,2,3,,5,1,1,2,1,4,1800,0,0,40,1800,1,2,1,2,2,2,2,2
1,1974,1,30,436,2,6,2,5,1,3,2,1,5,1800,400,400,40,1800,1,2,2,2,2,2,2,2
1,1970,1,26,436,2,5,2,5,1,1,2,1,4,1500,0,0,50,1500,1,2,1,2,2,2,2,1
1,1980,1,27,351,2,3,3,3,1,3,2,1,1,700,200,200,40,700,2,2,2,2,2,2,2,2
2,1976,1,32,605,4,3,1,4,2,3,3,2,3,1900,100,100,35,700,1,2,2,2,2,2,2,1
1,1978,1,32,423,2,2,3,3,2,5,3,1,6,3000,300,450,40,1200,1,2,1,2,2,2,2,1
1,1969,1,44,517,2,2,3,3,2,4,3,1,5,2200,150,300,15,400,2,2,2,2,2,2,2,2
1,1949,1,51,243,1,6,1,2,3,2,0,98,1,1200,200,200,40,1200,1,2,2,2,2,2,2,1
1,1984,1,19,436,2,3,3,3,1,3,2,1,2,1600,0,0,20,600,1,2,2,2,1,1,2,2
2,1973,1,31,314,2,5,3,2,7,3,3,1,3,4000,200,500,60,1000,1,2,2,2,2,2,2,1
1,1974,1,26,314,2,5,4,2,7,3,2,1,4,3000,0,0,52,1400,1,1,1,1,2,2,2,2
1,1982,1,18,344,1,3,1,3,1,1,0,98,2,2000,0,300,40,850,1,1,1,2,2,2,2,1
1,1972,1,34,201,2,4,1,5,11,3,1,1,3,3200,200,200,50,2100,1,1,1,1,2,2,2,1
2,1975,1,26,201,2,5,1,4,1,1,2,1,4,3100,0,400,45,1200,1,1,1,1,1,2,2,1
1,1950,1,51,436,2,3,3,2,1,3,2,1,2,2400,0,300,42,1000,2,2,2,2,2,2,2,2
2,1962,1,36,243,2,5,,3,3,3,1,1,1,1400,0,300,54,1400,1,2,2,2,2,2,2,1
1,1985,1,5,201,1,5,1,5,2,1,1,2,4,3600,0,0,22,600,1,2,1,1,1,1,2,1
1,1968,1,32,250,2,5,1,4,2,1,2,1,3,2800,0,0,36,1300,1,1,1,1,1,1,2,1
2,1986,1,12,201,2,5,1,4,2,3,2,2,5,3000,0,0,38,980,1,1,2,1,1,2,2,1
1,1960,1,40,314,2,5,2,3,7,3,3,1,6,3000,0,0,42,1400,1,1,1,1,1,2,2,2
2,1960,1,44,314,2,5,3,3,7,3,4,1,6,3000,0,0,50,1000,1,2,2,2,2,2,2,1
2,1960,1,43,201,2,6,1,5,2,1,1,1,2,4000,800,800,50,2000,1,1,1,1,1,1,2,1
2,1977,1,25,314,2,5,3,3,11,3,2,1,4,2800,0,0,50,1800,1,2,1,1,2,2,2,2
2,1982,1,20,243,4,5,,4,3,1,1,2,4,2400,0,0,40,1300,1,1,1,1,1,1,2,1
1,1968,1,34,460,2,2,3,3,1,3,2,1,3,2000,0,300,42,1000,1,1,2,2,2,2,2,2
2,1979,1,23,243,1,5,1,3,3,5,2,2,2,3200,400,400,40,1380,1,1,2,1,1,2,2,1
1,1980,1,21,436,1,5,3,4,1,7,0,98,3,2200,0,0,32,800,1,1,1,1,2,2,2,2
1,1987,1,20,201,2,3,1,2,1,4,0,1,2,1200,400,400,40,1200,1,2,2,2,2,2,2,2
1,1985,1,28,201,1,3,3,3,1,5,0,98,6,3400,500,500,50,1300,1,2,2,2,2,2,2,2
1,1974,1,34,348,1,6,1,5,1,1,0,1,2,4800,0,300,40,3000,1,2,1,2,2,2,2,1
2,1980,1,24,254,4,6,2,5,3,2,1,2,3,2800,0,0,8,250,1,2,2,1,2,2,2,1
2,1982,1,25,243,2,6,2,3,3,4,2,1,4,3500,0,0,40,1500,1,1,2,2,2,2,2,2
1,1979,1,34,301,2,5,3,2,3,5,3,1,1,700,0,100,30,700,2,2,2,2,2,2,2,2
1,1975,1,24,244,2,4,2,4,2,2,2,1,4,2600,0,0,40,1800,1,2,2,2,2,2,2,2
2,1967,1,45,235,3,6,3,3,3,2,1,98,2,1600,0,50,40,1200,1,2,2,2,2,2,2,2
1,1984,1,24,235,2,5,3,4,3,2,1,1,5,2800,100,100,40,1750,1,2,2,2,2,2,2,2
1,1969,1,35,235,2,4,,4,3,2,3,1,3,1800,100,150,40,1300,1,2,2,2,2,2,2,2
2,1968,1,39,235,4,6,1,4,3,2,1,98,2,1500,0,100,40,1500,1,1,1,1,1,2,2,1
2,1974,1,41,244,4,6,2,2,2,2,1,98,1,1000,0,200,40,1000,2,2,2,2,2,2,2,2
1,1972,1,27,243,2,5,2,4,3,1,2,1,4,2600,0,150,40,1600,1,2,2,2,2,2,2,1
1,1983,1,26,311,2,3,4,3,7,4,0,1,2,1200,0,0,50,1000,1,2,1,2,2,2,2,2
1,1976,1,25,301,1,6,2,4,1,4,0,98,1,1100,0,0,40,1100,2,2,2,2,2,2,2,2
1,1987,1,20,436,1,3,3,4,1,5,0,98,1,900,0,100,40,900,1,2,2,2,2,2,2,2
1,1990,1,20,419,1,3,1,4,1,7,0,98,1,600,0,0,20,600,2,2,2,2,2,2,2,2
1,1993,1,20,401,1,3,3,4,1,4,0,98,2,800,0,0,35,500,2,2,2,2,2,2,2,2
1,1989,1,25,450,1,3,3,2,1,8,0,98,1,400,0,0,20,400,2,2,2,2,2,2,2,2
2,1970,1,30,248,2,6,2,4,3,2,0,2,2,1000,0,0,30,900,1,2,1,1,2,2,2,1
2,1970,1,46,256,4,6,,2,3,8,1,98,1,800,0,400,25,800,2,2,2,2,2,2,2,2
1,1978,1,21,409,4,2,1,5,1,1,0,98,1,1000,0,100,40,1000,1,1,1,2,1,2,2,1
1,1980,1,27,344,1,3,3,3,1,5,0,98,1,1000,0,0,45,1000,2,1,1,2,2,2,2,2
2,1970,1,39,243,1,6,2,3,3,5,2,1,4,2500,0,0,40,900,1,2,1,2,1,2,2,1
2,1983,1,22,516,2,5,3,4,2,1,1,1,3,2200,0,0,40,900,1,2,1,2,1,2,2,2
1,1989,1,23,453,1,3,3,3,1,4,0,98,1,800,0,0,50,800,2,2,2,2,2,2,2,2
1,1994,1,18,201,1,3,3,4,3,4,0,98,1,1400,200,200,50,1400,1,1,2,2,2,2,2,2
1,1989,1,10,615,1,2,2,4,2,1,0,1,1,1000,0,0,40,1000,1,1,2,2,2,2,2,2
1,1981,1,29,605,1,3,2,3,2,4,0,98,1,1200,200,200,70,1200,2,1,2,2,2,2,2,2
1,1991,1,20,436,1,3,3,4,1,4,0,98,1,1000,0,0,40,1000,2,2,2,2,2,2,2,2
1,1991,1,20,314,1,5,2,4,7,3,0,98,1,900,0,0,40,900,1,2,2,2,2,2,2,2
1,1974,1,24,344,2,5,2,4,1,1,2,1,4,2000,0,0,50,2000,1,2,1,2,2,2,2,1
1,1970,1,35,344,2,3,2,4,1,5,0,1,2,1300,0,300,50,1300,1,2,1,2,2,2,2,2
1,1972,1,30,436,2,4,2,4,1,3,1,1,2,1500,0,300,40,1500,1,1,2,2,2,2,2,2
2,1987,1,20,314,1,5,3,4,5,3,0,98,1,800,0,0,40,800,1,2,1,2,2,2,2,1
2,1984,1,22,615,2,5,1,4,2,3,1,1,3,2500,0,0,45,1300,1,2,1,2,1,2,2,1
1,1981,1,23,436,2,5,3,3,1,3,2,1,4,1200,0,0,40,1200,1,2,2,2,2,2,2,2
1,1965,1,34,201,2,3,,4,1,1,2,1,4,2500,0,0,40,1500,1,2,2,2,2,2,2,2
2,1985,1,15,311,2,5,,5,7,1,0,1,2,1200,0,0,20,500,1,2,2,2,2,2,2,2
2,1975,1,30,233,4,4,1,4,2,2,0,98,1,1100,200,200,40,1100,1,2,1,2,2,2,2,1
2,1953,1,52,209,3,6,3,4,5,2,1,98,1,900,0,300,38,900,1,2,1,2,2,2,2,1
1,1979,1,27,201,1,3,3,5,1,4,0,98,1,800,0,0,20,800,1,2,2,2,2,2,2,2
1,1978,1,28,460,1,3,,3,1,5,0,98,3,1000,0,0,30,700,2,1,2,2,2,2,2,2
1,1985,1,24,201,2,3,1,5,3,3,1,1,3,1500,0,0,40,1500,2,2,2,2,2,2,2,2
2,1979,1,28,436,2,3,1,4,1,4,1,1,3,1200,0,0,20,400,1,1,1,2,2,2,2,2
1,1979,1,22,305,2,4,3,4,1,3,1,1,3,2000,0,0,40,2000,1,1,2,2,2,2,2,1
1,1950,1,48,450,2,2,2,4,1,3,6,1,6,1300,0,0,40,1300,1,2,1,2,2,2,2,1
1,1971,1,22,418,2,6,1,5,5,3,2,1,4,1100,0,0,40,1100,1,1,2,2,2,2,2,1
1,1975,1,31,450,2,4,2,5,1,3,2,1,4,2100,0,50,40,1400,1,1,1,2,2,2,2,2
1,1978,1,23,344,2,3,2,4,1,3,1,1,3,1200,0,0,40,1200,2,2,2,2,2,2,2,2
1,1968,1,40,302,2,6,1,5,1,3,4,1,6,2500,0,0,40,2500,2,2,2,2,2,2,2,2
2,1986,1,15,201,1,6,1,5,1,3,0,2,2,3000,0,0,36,1400,1,2,1,1,2,2,2,1
2,1986,1,25,605,2,3,2,3,2,4,1,2,3,2600,100,100,20,700,2,2,2,2,2,2,2,2
2,1975,1,33,436,2,4,1,5,1,3,0,1,1,1300,400,400,54,1300,1,1,1,2,2,2,2,2
2,1982,1,21,443,2,4,1,5,2,3,3,1,5,1600,0,0,20,700,1,2,1,2,2,2,2,1
1,1980,1,26,254,2,6,3,5,3,3,3,1,5,1600,200,200,48,1500,1,2,1,2,2,2,2,2
2,1950,1,66,254,2,6,2,3,3,4,2,1,1,1000,800,800,54,1000,2,2,2,2,2,2,2,2
1,1962,1,36,305,2,4,1,4,1,1,2,1,4,1300,0,0,40,1300,2,2,2,2,2,2,2,2
1,1976,1,23,201,2,3,3,5,3,3,2,1,4,1600,0,0,40,1600,2,2,2,2,2,2,2,2
1,1970,1,36,243,2,3,2,3,3,3,2,1,4,3000,0,0,45,1800,2,2,2,2,2,2,2,2
